# Authored F-16 mesh extracted from vazgriz/FlightSim_F16 (MIT)
o Root
v -0.0000000 0.7500000 -4.0423393
v -0.0000000 0.7500000 0.8699019
v -0.5303300 0.5303301 0.8699019
v -0.0000000 0.7500000 -4.0423393
v -0.5303300 0.5303301 0.8699019
v -0.5303300 0.5303301 -4.0423393
v 0.5303300 0.5303301 -4.0423393
v 0.5303300 0.5303301 0.8699019
v -0.0000000 0.7500000 0.8699019
v 0.5303300 0.5303301 -4.0423393
v -0.0000000 0.7500000 0.8699019
v -0.0000000 0.7500000 -4.0423393
v 0.5303300 -0.5303301 -4.0423393
v 0.5303300 -0.5303301 0.8699019
v 0.9376494 0.0000000 0.8699019
v 0.5303300 -0.5303301 -4.0423393
v 0.9376494 0.0000000 0.8699019
v 0.9376494 0.0000000 -4.0423393
v -0.5303300 -0.5303301 -4.0423393
v -0.5303300 -0.5303301 0.8699019
v -0.0000000 -0.7500000 0.8699019
v -0.5303300 -0.5303301 -4.0423393
v -0.0000000 -0.7500000 0.8699019
v -0.0000000 -0.7500000 -4.0423393
v -0.5303300 0.5303301 -4.0423393
v -0.5303300 0.5303301 0.8699019
v -0.9373505 0.0000000 0.8699019
v -0.5303300 0.5303301 -4.0423393
v -0.9373505 0.0000000 0.8699019
v -0.9373505 0.0000000 -4.0423393
v 0.9376494 0.0000000 -4.0423393
v 0.9376494 0.0000000 0.8699019
v 0.5303300 0.5303301 0.8699019
v 0.9376494 0.0000000 -4.0423393
v 0.5303300 0.5303301 0.8699019
v 0.5303300 0.5303301 -4.0423393
v -0.0000000 -0.7500000 -4.0423393
v -0.0000000 -0.7500000 0.8699019
v 0.5303300 -0.5303301 0.8699019
v -0.0000000 -0.7500000 -4.0423393
v 0.5303300 -0.5303301 0.8699019
v 0.5303300 -0.5303301 -4.0423393
v -0.9373505 0.0000000 -4.0423393
v -0.9373505 0.0000000 0.8699019
v -0.5303300 -0.5303301 0.8699019
v -0.9373505 0.0000000 -4.0423393
v -0.5303300 -0.5303301 0.8699019
v -0.5303300 -0.5303301 -4.0423393
v -0.0000000 0.6261923 -5.6851702
v -0.4427847 0.4427848 -5.6851702
v -0.3552395 0.3552395 -6.3931260
v -0.0000000 0.6261923 -5.6851702
v -0.3552395 0.3552395 -6.3931260
v -0.0000000 0.5023845 -6.3931260
v 0.4427847 0.4427848 -5.6851702
v -0.0000000 0.6261923 -5.6851702
v -0.0000000 0.5023845 -6.3931260
v 0.4427847 0.4427848 -5.6851702
v -0.0000000 0.5023845 -6.3931260
v 0.3552395 0.3552395 -6.3931260
v 0.4427847 -0.4427848 -5.6851702
v 0.6261922 0.0000000 -5.6851702
v 0.5023845 0.0000000 -6.3931260
v 0.4427847 -0.4427848 -5.6851702
v 0.5023845 0.0000000 -6.3931260
v 0.3552395 -0.3552395 -6.3931260
v -0.4427847 -0.4427848 -5.6851702
v -0.0000000 -0.6261923 -5.6851702
v -0.0000000 -0.5023845 -6.3931260
v -0.4427847 -0.4427848 -5.6851702
v -0.0000000 -0.5023845 -6.3931260
v -0.3552395 -0.3552395 -6.3931260
v -0.4427847 0.4427848 -5.6851702
v -0.6261922 0.0000000 -5.6851702
v -0.5023845 0.0000000 -6.3931260
v -0.4427847 0.4427848 -5.6851702
v -0.5023845 0.0000000 -6.3931260
v -0.3552395 0.3552395 -6.3931260
v 0.6261922 0.0000000 -5.6851702
v 0.4427847 0.4427848 -5.6851702
v 0.3552395 0.3552395 -6.3931260
v 0.6261922 0.0000000 -5.6851702
v 0.3552395 0.3552395 -6.3931260
v 0.5023845 0.0000000 -6.3931260
v -0.0000000 -0.6261923 -5.6851702
v 0.4427847 -0.4427848 -5.6851702
v 0.3552395 -0.3552395 -6.3931260
v -0.0000000 -0.6261923 -5.6851702
v 0.3552395 -0.3552395 -6.3931260
v -0.0000000 -0.5023845 -6.3931260
v -0.6261922 0.0000000 -5.6851702
v -0.4427847 -0.4427848 -5.6851702
v -0.3552395 -0.3552395 -6.3931260
v -0.6261922 0.0000000 -5.6851702
v -0.3552395 -0.3552395 -6.3931260
v -0.5023845 0.0000000 -6.3931260
v -0.7500000 0.0000000 -4.9772139
v -0.5303300 -0.5303301 -4.9772139
v -0.4427847 -0.4427848 -5.6851702
v -0.7500000 0.0000000 -4.9772139
v -0.4427847 -0.4427848 -5.6851702
v -0.6261922 0.0000000 -5.6851702
v -0.0000000 -0.7500000 -4.9772139
v 0.5303300 -0.5303301 -4.9772139
v 0.4427847 -0.4427848 -5.6851702
v -0.0000000 -0.7500000 -4.9772139
v 0.4427847 -0.4427848 -5.6851702
v -0.0000000 -0.6261923 -5.6851702
v 0.7500000 0.0000000 -4.9772139
v 0.5303300 0.5303301 -4.9772139
v 0.4427847 0.4427848 -5.6851702
v 0.7500000 0.0000000 -4.9772139
v 0.4427847 0.4427848 -5.6851702
v 0.6261922 0.0000000 -5.6851702
v -0.5303300 0.5303301 -4.9772139
v -0.7500000 0.0000000 -4.9772139
v -0.6261922 0.0000000 -5.6851702
v -0.5303300 0.5303301 -4.9772139
v -0.6261922 0.0000000 -5.6851702
v -0.4427847 0.4427848 -5.6851702
v -0.5303300 -0.5303301 -4.9772139
v -0.0000000 -0.7500000 -4.9772139
v -0.0000000 -0.6261923 -5.6851702
v -0.5303300 -0.5303301 -4.9772139
v -0.0000000 -0.6261923 -5.6851702
v -0.4427847 -0.4427848 -5.6851702
v 0.5303300 -0.5303301 -4.9772139
v 0.7500000 0.0000000 -4.9772139
v 0.6261922 0.0000000 -5.6851702
v 0.5303300 -0.5303301 -4.9772139
v 0.6261922 0.0000000 -5.6851702
v 0.4427847 -0.4427848 -5.6851702
v 0.5303300 0.5303301 -4.9772139
v -0.0000000 0.7500000 -4.9772139
v -0.0000000 0.6261923 -5.6851702
v 0.5303300 0.5303301 -4.9772139
v -0.0000000 0.6261923 -5.6851702
v 0.4427847 0.4427848 -5.6851702
v -0.0000000 0.7500000 -4.9772139
v -0.5303300 0.5303301 -4.9772139
v -0.4427847 0.4427848 -5.6851702
v -0.0000000 0.7500000 -4.9772139
v -0.4427847 0.4427848 -5.6851702
v -0.0000000 0.6261923 -5.6851702
v 0.5023845 0.0000000 -6.3931260
v 0.3552395 0.3552395 -6.3931260
v 0.3197321 0.3197322 -6.3931260
v 0.5023845 0.0000000 -6.3931260
v 0.3197321 0.3197322 -6.3931260
v 0.4521696 0.0000000 -6.3931260
v -0.0000000 -0.5023845 -6.3931260
v 0.3552395 -0.3552395 -6.3931260
v 0.3197321 -0.3197322 -6.3931260
v -0.0000000 -0.5023845 -6.3931260
v 0.3197321 -0.3197322 -6.3931260
v -0.0000000 -0.4521696 -6.3931260
v -0.5023845 0.0000000 -6.3931260
v -0.3552395 -0.3552395 -6.3931260
v -0.3197321 -0.3197322 -6.3931260
v -0.5023845 0.0000000 -6.3931260
v -0.3197321 -0.3197322 -6.3931260
v -0.4521696 0.0000000 -6.3931260
v -0.0000000 0.5023845 -6.3931260
v -0.3552395 0.3552395 -6.3931260
v -0.3197321 0.3197322 -6.3931260
v -0.0000000 0.5023845 -6.3931260
v -0.3197321 0.3197322 -6.3931260
v -0.0000000 0.4521696 -6.3931260
v 0.3552395 0.3552395 -6.3931260
v -0.0000000 0.5023845 -6.3931260
v -0.0000000 0.4521696 -6.3931260
v 0.3552395 0.3552395 -6.3931260
v -0.0000000 0.4521696 -6.3931260
v 0.3197321 0.3197322 -6.3931260
v 0.3552395 -0.3552395 -6.3931260
v 0.5023845 0.0000000 -6.3931260
v 0.4521696 0.0000000 -6.3931260
v 0.3552395 -0.3552395 -6.3931260
v 0.4521696 0.0000000 -6.3931260
v 0.3197321 -0.3197322 -6.3931260
v -0.3552395 -0.3552395 -6.3931260
v -0.0000000 -0.5023845 -6.3931260
v -0.0000000 -0.4521696 -6.3931260
v -0.3552395 -0.3552395 -6.3931260
v -0.0000000 -0.4521696 -6.3931260
v -0.3197321 -0.3197322 -6.3931260
v -0.3552395 0.3552395 -6.3931260
v -0.5023845 0.0000000 -6.3931260
v -0.4521696 0.0000000 -6.3931260
v -0.3552395 0.3552395 -6.3931260
v -0.4521696 0.0000000 -6.3931260
v -0.3197321 0.3197322 -6.3931260
v 0.3197321 0.3197322 -6.3931260
v -0.0000000 0.4521696 -6.3931260
v -0.0000000 0.4521696 -5.6851697
v 0.3197321 0.3197322 -6.3931260
v -0.0000000 0.4521696 -5.6851697
v 0.3197321 0.3197322 -5.6851697
v 0.3197321 -0.3197322 -6.3931260
v 0.4521696 0.0000000 -6.3931260
v 0.4521696 0.0000000 -5.6851697
v 0.3197321 -0.3197322 -6.3931260
v 0.4521696 0.0000000 -5.6851697
v 0.3197321 -0.3197322 -5.6851697
v -0.3197321 -0.3197322 -6.3931260
v -0.0000000 -0.4521696 -6.3931260
v -0.0000000 -0.4521696 -5.6851697
v -0.3197321 -0.3197322 -6.3931260
v -0.0000000 -0.4521696 -5.6851697
v -0.3197321 -0.3197322 -5.6851697
v -0.3197321 0.3197322 -6.3931260
v -0.4521696 0.0000000 -6.3931260
v -0.4521696 0.0000000 -5.6851697
v -0.3197321 0.3197322 -6.3931260
v -0.4521696 0.0000000 -5.6851697
v -0.3197321 0.3197322 -5.6851697
v 0.4521696 0.0000000 -6.3931260
v 0.3197321 0.3197322 -6.3931260
v 0.3197321 0.3197322 -5.6851697
v 0.4521696 0.0000000 -6.3931260
v 0.3197321 0.3197322 -5.6851697
v 0.4521696 0.0000000 -5.6851697
v -0.0000000 -0.4521696 -6.3931260
v 0.3197321 -0.3197322 -6.3931260
v 0.3197321 -0.3197322 -5.6851697
v -0.0000000 -0.4521696 -6.3931260
v 0.3197321 -0.3197322 -5.6851697
v -0.0000000 -0.4521696 -5.6851697
v -0.4521696 0.0000000 -6.3931260
v -0.3197321 -0.3197322 -6.3931260
v -0.3197321 -0.3197322 -5.6851697
v -0.4521696 0.0000000 -6.3931260
v -0.3197321 -0.3197322 -5.6851697
v -0.4521696 0.0000000 -5.6851697
v -0.0000000 0.4521696 -6.3931260
v -0.3197321 0.3197322 -6.3931260
v -0.3197321 0.3197322 -5.6851697
v -0.0000000 0.4521696 -6.3931260
v -0.3197321 0.3197322 -5.6851697
v -0.0000000 0.4521696 -5.6851697
v -0.0000000 -0.4521696 -5.6851697
v 0.3197321 -0.3197322 -5.6851697
v 0.0000000 0.0000000 -5.6851697
v -0.4521696 0.0000000 -5.6851697
v -0.3197321 -0.3197322 -5.6851697
v 0.0000000 0.0000000 -5.6851697
v -0.0000000 0.4521696 -5.6851697
v -0.3197321 0.3197322 -5.6851697
v 0.0000000 0.0000000 -5.6851697
v 0.3197321 0.3197322 -5.6851697
v -0.0000000 0.4521696 -5.6851697
v 0.0000000 0.0000000 -5.6851697
v 0.3197321 -0.3197322 -5.6851697
v 0.4521696 0.0000000 -5.6851697
v 0.0000000 0.0000000 -5.6851697
v -0.3197321 -0.3197322 -5.6851697
v -0.0000000 -0.4521696 -5.6851697
v 0.0000000 0.0000000 -5.6851697
v -0.3197321 0.3197322 -5.6851697
v -0.4521696 0.0000000 -5.6851697
v 0.0000000 0.0000000 -5.6851697
v 0.4521696 0.0000000 -5.6851697
v 0.3197321 0.3197322 -5.6851697
v 0.0000000 0.0000000 -5.6851697
v -0.0000000 0.7500000 0.8699019
v 0.5303300 0.5303301 0.8699019
v 0.5303300 0.6193733 2.1303663
v -0.0000000 0.7500000 0.8699019
v 0.5303300 0.6193733 2.1303663
v -0.0000000 0.8759263 2.1303663
v 0.9376494 0.0000000 0.8699019
v 0.5303300 -0.5303301 0.8699019
v 0.6026993 -0.6026994 2.1303663
v 0.9376494 0.0000000 0.8699019
v 0.6026993 -0.6026994 2.1303663
v 0.9376494 0.0000000 2.1303663
v -0.0000000 -0.7500000 0.8699019
v -0.5303300 -0.5303301 0.8699019
v -0.6058867 -0.6026994 2.1310239
v -0.0000000 -0.7500000 0.8699019
v -0.6058867 -0.6026994 2.1310239
v -0.0000000 -0.8523457 2.1303663
v -0.9373505 0.0000000 0.8699019
v -0.5303300 0.5303301 0.8699019
v -0.5303300 0.6193733 2.1303663
v -0.9373505 0.0000000 0.8699019
v -0.5303300 0.6193733 2.1303663
v -0.9413347 -0.0000000 2.1310239
v 0.5303300 0.5303301 0.8699019
v 0.9376494 0.0000000 0.8699019
v 0.9376494 0.0000000 2.1303663
v 0.5303300 0.5303301 0.8699019
v 0.9376494 0.0000000 2.1303663
v 0.5303300 0.6193733 2.1303663
v 0.5303300 -0.5303301 0.8699019
v -0.0000000 -0.7500000 0.8699019
v -0.0000000 -0.8523457 2.1303663
v 0.5303300 -0.5303301 0.8699019
v -0.0000000 -0.8523457 2.1303663
v 0.6026993 -0.6026994 2.1303663
v -0.5303300 -0.5303301 0.8699019
v -0.9373505 0.0000000 0.8699019
v -0.9413347 -0.0000000 2.1310239
v -0.5303300 -0.5303301 0.8699019
v -0.9413347 -0.0000000 2.1310239
v -0.6058867 -0.6026994 2.1310239
v -0.5303300 0.5303301 0.8699019
v -0.0000000 0.7500000 0.8699019
v -0.0000000 0.8759263 2.1303663
v -0.5303300 0.5303301 0.8699019
v -0.0000000 0.8759263 2.1303663
v -0.5303300 0.6193733 2.1303663
v -0.0000000 0.6818651 3.8712428
v 0.4376297 0.4821514 3.8712428
v 0.3449294 0.3449295 5.6121192
v -0.0000000 0.6818651 3.8712428
v 0.3449294 0.3449295 5.6121192
v -0.0000000 0.4878040 5.6121192
v -0.4376297 -0.2794583 3.8712428
v 0.0000000 -0.3678635 3.8712428
v 0.0000000 -0.3307970 3.1310859
v -0.4376297 -0.2794583 3.8712428
v 0.0000000 -0.3307970 3.1310859
v -0.5303300 -0.2162856 2.1303663
v 0.4376297 -0.2794583 3.8712428
v 0.7737769 0.0000000 3.8712428
v 0.9376494 0.0000000 2.1303663
v 0.4376297 -0.2794583 3.8712428
v 0.9376494 0.0000000 2.1303663
v 0.5303300 -0.2162856 2.1303663
v -0.7754700 0.0000000 3.8715715
v -0.4376297 0.4821514 3.8712428
v -0.3449294 0.3449295 5.6121192
v -0.7754700 0.0000000 3.8715715
v -0.3449294 0.3449295 5.6121192
v -0.4878039 0.0000000 5.6121192
v 0.4376297 0.4821514 3.8712428
v 0.7737769 0.0000000 3.8712428
v 0.4878039 0.0000000 5.6121192
v 0.4376297 0.4821514 3.8712428
v 0.4878039 0.0000000 5.6121192
v 0.3449294 0.3449295 5.6121192
v -0.7754700 0.0000000 3.8715715
v -0.4376297 -0.2794583 3.8712428
v -0.5303300 -0.2162856 2.1303663
v -0.7754700 0.0000000 3.8715715
v -0.5303300 -0.2162856 2.1303663
v -0.9413347 -0.0000000 2.1310239
v 0.0000000 -0.3678635 3.8712428
v 0.4376297 -0.2794583 3.8712428
v 0.5303300 -0.2162856 2.1303663
v 0.0000000 -0.3678635 3.8712428
v 0.5303300 -0.2162856 2.1303663
v 0.0000000 -0.3307970 3.1310859
v -0.4376297 0.4821514 3.8712428
v -0.0000000 0.6818651 3.8712428
v -0.0000000 0.4878040 5.6121192
v -0.4376297 0.4821514 3.8712428
v -0.0000000 0.4878040 5.6121192
v -0.3449294 0.3449295 5.6121192
v -0.3449294 -0.3449295 5.6121192
v -0.4878039 0.0000000 5.6121192
v -0.3309698 -0.2502089 7.1786408
v -0.3449294 -0.3449295 5.6121192
v -0.3309698 -0.2502089 7.1786408
v -0.2340310 -0.4842398 7.1786408
v -0.3449294 0.3449295 5.6121192
v -0.0000000 0.4878040 5.6121192
v -0.0000000 0.0807609 7.1786408
v -0.3449294 0.3449295 5.6121192
v -0.0000000 0.0807609 7.1786408
v -0.2340310 -0.0161779 7.1786408
v -0.0000000 0.4878040 5.6121192
v 0.3449294 0.3449295 5.6121192
v 0.2340310 -0.0161779 7.1786408
v -0.0000000 0.4878040 5.6121192
v 0.2340310 -0.0161779 7.1786408
v -0.0000000 0.0807609 7.1786408
v 0.4878039 0.0000000 5.6121192
v 0.3449294 -0.3449295 5.6121192
v 0.2340310 -0.4842398 7.1786408
v 0.4878039 0.0000000 5.6121192
v 0.2340310 -0.4842398 7.1786408
v 0.3309698 -0.2502089 7.1786408
v -0.0000000 -0.4878040 5.6121192
v -0.3449294 -0.3449295 5.6121192
v -0.2340310 -0.4842398 7.1786408
v -0.0000000 -0.4878040 5.6121192
v -0.2340310 -0.4842398 7.1786408
v -0.0000000 -0.5811787 7.1786408
v -0.4878039 0.0000000 5.6121192
v -0.3449294 0.3449295 5.6121192
v -0.2340310 -0.0161779 7.1786408
v -0.4878039 0.0000000 5.6121192
v -0.2340310 -0.0161779 7.1786408
v -0.3309698 -0.2502089 7.1786408
v 0.3449294 0.3449295 5.6121192
v 0.4878039 0.0000000 5.6121192
v 0.3309698 -0.2502089 7.1786408
v 0.3449294 0.3449295 5.6121192
v 0.3309698 -0.2502089 7.1786408
v 0.2340310 -0.0161779 7.1786408
v 0.3449294 -0.3449295 5.6121192
v -0.0000000 -0.4878040 5.6121192
v -0.0000000 -0.5811787 7.1786408
v 0.3449294 -0.3449295 5.6121192
v -0.0000000 -0.5811787 7.1786408
v 0.2340310 -0.4842398 7.1786408
v 0.2340310 -0.0161779 7.1786408
v 0.3309698 -0.2502089 7.1786408
v 0.1108363 -0.3533089 8.0112410
v 0.2340310 -0.0161779 7.1786408
v 0.1108363 -0.3533089 8.0112410
v 0.0783731 -0.2749358 8.0112410
v 0.2340310 -0.4842398 7.1786408
v -0.0000000 -0.5811787 7.1786408
v -0.0000000 -0.4641452 8.0112410
v 0.2340310 -0.4842398 7.1786408
v -0.0000000 -0.4641452 8.0112410
v 0.0783731 -0.4316820 8.0112410
v -0.2340310 -0.4842398 7.1786408
v -0.3309698 -0.2502089 7.1786408
v -0.1108363 -0.3533089 8.0112410
v -0.2340310 -0.4842398 7.1786408
v -0.1108363 -0.3533089 8.0112410
v -0.0783731 -0.4316820 8.0112410
v -0.2340310 -0.0161779 7.1786408
v -0.0000000 0.0807609 7.1786408
v -0.0000000 -0.2424725 8.0112410
v -0.2340310 -0.0161779 7.1786408
v -0.0000000 -0.2424725 8.0112410
v -0.0783731 -0.2749358 8.0112410
v -0.0000000 0.0807609 7.1786408
v 0.2340310 -0.0161779 7.1786408
v 0.0783731 -0.2749358 8.0112410
v -0.0000000 0.0807609 7.1786408
v 0.0783731 -0.2749358 8.0112410
v -0.0000000 -0.2424725 8.0112410
v 0.3309698 -0.2502089 7.1786408
v 0.2340310 -0.4842398 7.1786408
v 0.0783731 -0.4316820 8.0112410
v 0.3309698 -0.2502089 7.1786408
v 0.0783731 -0.4316820 8.0112410
v 0.1108363 -0.3533089 8.0112410
v -0.0000000 -0.5811787 7.1786408
v -0.2340310 -0.4842398 7.1786408
v -0.0783731 -0.4316820 8.0112410
v -0.0000000 -0.5811787 7.1786408
v -0.0783731 -0.4316820 8.0112410
v -0.0000000 -0.4641452 8.0112410
v -0.3309698 -0.2502089 7.1786408
v -0.2340310 -0.0161779 7.1786408
v -0.0783731 -0.2749358 8.0112410
v -0.3309698 -0.2502089 7.1786408
v -0.0783731 -0.2749358 8.0112410
v -0.1108363 -0.3533089 8.0112410
v -0.0000000 -0.4878040 5.6121192
v 0.3449294 -0.3449295 5.6121192
v 0.4376297 -0.2794583 3.8712428
v -0.0000000 -0.4878040 5.6121192
v 0.4376297 -0.2794583 3.8712428
v 0.0000000 -0.3678635 3.8712428
v -0.4878039 0.0000000 5.6121192
v -0.3449294 -0.3449295 5.6121192
v -0.4376297 -0.2794583 3.8712428
v -0.4878039 0.0000000 5.6121192
v -0.4376297 -0.2794583 3.8712428
v -0.7754700 0.0000000 3.8715715
v 0.3449294 -0.3449295 5.6121192
v 0.4878039 0.0000000 5.6121192
v 0.7737769 0.0000000 3.8712428
v 0.3449294 -0.3449295 5.6121192
v 0.7737769 0.0000000 3.8712428
v 0.4376297 -0.2794583 3.8712428
v -0.3449294 -0.3449295 5.6121192
v -0.0000000 -0.4878040 5.6121192
v 0.0000000 -0.3678635 3.8712428
v -0.3449294 -0.3449295 5.6121192
v 0.0000000 -0.3678635 3.8712428
v -0.4376297 -0.2794583 3.8712428
v 0.6026993 -0.6026994 2.1303663
v 0.6026994 -0.2469911 2.1303663
v 0.9376494 0.0000000 2.1303663
v 0.5303300 -0.2162856 2.1303663
v 0.9376494 0.0000000 2.1303663
v 0.6026994 -0.2469911 2.1303663
v 0.6026994 -0.2469911 2.1303663
v 0.6026993 -0.6026994 2.1303663
v 0.5465096 -0.7536077 3.7634377
v 0.6026994 -0.2469911 2.1303663
v 0.5465096 -0.7536077 3.7634377
v 0.5465096 -0.4734897 3.7634377
v 0.0000000 -0.3891520 3.1310859
v -0.5465096 -0.4734897 3.7634377
v -0.6058868 -0.2469912 2.1310239
v -0.6058868 -0.2469912 2.1310239
v -0.6058867 -0.6026994 2.1310239
v -0.9413347 -0.0000000 2.1310239
v 0.6026994 -0.2469911 2.1303663
v 0.0000000 -0.3891520 3.1310859
v 0.0000000 -0.3307970 3.1310859
v 0.6026994 -0.2469911 2.1303663
v 0.0000000 -0.3307970 3.1310859
v 0.5303300 -0.2162856 2.1303663
v 0.0000000 -0.3891520 3.1310859
v -0.6058868 -0.2469912 2.1310239
v -0.5303300 -0.2162856 2.1303663
v 0.0000000 -0.3891520 3.1310859
v -0.5303300 -0.2162856 2.1303663
v 0.0000000 -0.3307970 3.1310859
v -0.5303300 -0.2162856 2.1303663
v -0.6058868 -0.2469912 2.1310239
v -0.9413347 -0.0000000 2.1310239
v -0.0000000 -0.8523457 2.1303663
v -0.6058867 -0.6026994 2.1310239
v -0.5465096 -0.7536077 3.7634377
v -0.0000000 -0.8523457 2.1303663
v -0.5465096 -0.7536077 3.7634377
v -0.0000000 -0.9762678 3.7634377
v -0.6058867 -0.6026994 2.1310239
v -0.6058868 -0.2469912 2.1310239
v -0.5465096 -0.4734897 3.7634377
v -0.6058867 -0.6026994 2.1310239
v -0.5465096 -0.4734897 3.7634377
v -0.5465096 -0.7536077 3.7634377
v 0.0000000 -0.3891520 3.1310859
v 0.5465096 -0.4734897 3.7634377
v 0.0000000 -0.4734897 3.7634377
v 0.6026993 -0.6026994 2.1303663
v -0.0000000 -0.8523457 2.1303663
v -0.0000000 -0.9762678 3.7634377
v 0.6026993 -0.6026994 2.1303663
v -0.0000000 -0.9762678 3.7634377
v 0.5465096 -0.7536077 3.7634377
v 0.0000000 -0.3891520 3.1310859
v 0.0000000 -0.4734897 3.7634377
v -0.5465096 -0.4734897 3.7634377
v 0.0000000 -0.3891520 3.1310859
v 0.6026994 -0.2469911 2.1303663
v 0.5465096 -0.4734897 3.7634377
v -0.5303300 0.6193733 2.1303663
v -0.0000000 0.8759263 2.1303663
v -0.0000000 0.6818651 3.8712428
v -0.5303300 0.6193733 2.1303663
v -0.0000000 0.6818651 3.8712428
v -0.4376297 0.4821514 3.8712428
v 0.5303300 0.6193733 2.1303663
v 0.9376494 0.0000000 2.1303663
v 0.7737769 0.0000000 3.8712428
v 0.5303300 0.6193733 2.1303663
v 0.7737769 0.0000000 3.8712428
v 0.4376297 0.4821514 3.8712428
v -0.9413347 -0.0000000 2.1310239
v -0.5303300 0.6193733 2.1303663
v -0.4376297 0.4821514 3.8712428
v -0.9413347 -0.0000000 2.1310239
v -0.4376297 0.4821514 3.8712428
v -0.7754700 0.0000000 3.8715715
v -0.0000000 0.8759263 2.1303663
v 0.5303300 0.6193733 2.1303663
v 0.4376297 0.4821514 3.8712428
v -0.0000000 0.8759263 2.1303663
v 0.4376297 0.4821514 3.8712428
v -0.0000000 0.6818651 3.8712428
v 0.0783731 -0.2749358 8.0112410
v 0.1108363 -0.3533089 8.0112410
v 0.0000000 -0.3533089 8.1010866
v 0.0783731 -0.4316820 8.0112410
v -0.0000000 -0.4641452 8.0112410
v 0.0000000 -0.3533089 8.1010866
v -0.0783731 -0.4316820 8.0112410
v -0.1108363 -0.3533089 8.0112410
v 0.0000000 -0.3533089 8.1010866
v -0.0783731 -0.2749358 8.0112410
v -0.0000000 -0.2424725 8.0112410
v 0.0000000 -0.3533089 8.1010866
v -0.0000000 -0.2424725 8.0112410
v 0.0783731 -0.2749358 8.0112410
v 0.0000000 -0.3533089 8.1010866
v 0.1108363 -0.3533089 8.0112410
v 0.0783731 -0.4316820 8.0112410
v 0.0000000 -0.3533089 8.1010866
v -0.0000000 -0.4641452 8.0112410
v -0.0783731 -0.4316820 8.0112410
v 0.0000000 -0.3533089 8.1010866
v -0.1108363 -0.3533089 8.0112410
v -0.0783731 -0.2749358 8.0112410
v 0.0000000 -0.3533089 8.1010866
v 0.0000000 -0.4984897 3.7634377
v 0.5215096 -0.4984897 3.7634377
v 0.5215096 -0.3389693 2.2836246
v 0.0000000 -0.4984897 3.7634377
v 0.5215096 -0.3389693 2.2836246
v 0.0000000 -0.3389693 2.2836246
v -0.5215096 -0.7367979 3.7634377
v -0.5215096 -0.4984897 3.7634377
v -0.5215096 -0.3389693 2.2836246
v -0.5215096 -0.7367979 3.7634377
v -0.5215096 -0.3389693 2.2836246
v -0.5215096 -0.5772775 2.2836246
v -0.5215096 -0.7367979 3.7634377
v -0.0000000 -0.9492725 3.7634377
v -0.0000000 -0.9762678 3.7634377
v -0.5215096 -0.7367979 3.7634377
v -0.0000000 -0.9762678 3.7634377
v -0.5465096 -0.7536077 3.7634377
v -0.0000000 -0.9492725 3.7634377
v 0.5215096 -0.7367979 3.7634377
v 0.5465096 -0.7536077 3.7634377
v -0.0000000 -0.9492725 3.7634377
v 0.5465096 -0.7536077 3.7634377
v -0.0000000 -0.9762678 3.7634377
v 0.5215096 -0.7367979 3.7634377
v 0.5215096 -0.4984897 3.7634377
v 0.5465096 -0.4734897 3.7634377
v 0.5215096 -0.7367979 3.7634377
v 0.5465096 -0.4734897 3.7634377
v 0.5465096 -0.7536077 3.7634377
v 0.5215096 -0.4984897 3.7634377
v 0.0000000 -0.4984897 3.7634377
v 0.0000000 -0.4734897 3.7634377
v 0.5215096 -0.4984897 3.7634377
v 0.0000000 -0.4734897 3.7634377
v 0.5465096 -0.4734897 3.7634377
v 0.0000000 -0.4984897 3.7634377
v -0.5215096 -0.4984897 3.7634377
v -0.5465096 -0.4734897 3.7634377
v 0.0000000 -0.4984897 3.7634377
v -0.5465096 -0.4734897 3.7634377
v 0.0000000 -0.4734897 3.7634377
v -0.5215096 -0.4984897 3.7634377
v -0.5215096 -0.7367979 3.7634377
v -0.5465096 -0.7536077 3.7634377
v -0.5215096 -0.4984897 3.7634377
v -0.5465096 -0.7536077 3.7634377
v -0.5465096 -0.4734897 3.7634377
v -0.0000000 -0.7897521 2.2836246
v 0.0000000 -0.3389693 2.2836246
v 0.5215096 -0.3389693 2.2836246
v -0.0000000 -0.7897521 2.2836246
v 0.5215096 -0.3389693 2.2836246
v 0.5215096 -0.5772775 2.2836246
v -0.5215096 -0.5772775 2.2836246
v -0.5215096 -0.3389693 2.2836246
v 0.0000000 -0.3389693 2.2836246
v -0.5215096 -0.5772775 2.2836246
v 0.0000000 -0.3389693 2.2836246
v -0.0000000 -0.7897521 2.2836246
v 0.5215096 -0.7367979 3.7634377
v -0.0000000 -0.9492725 3.7634377
v -0.0000000 -0.7897521 2.2836246
v 0.5215096 -0.7367979 3.7634377
v -0.0000000 -0.7897521 2.2836246
v 0.5215096 -0.5772775 2.2836246
v -0.5215096 -0.4984897 3.7634377
v 0.0000000 -0.4984897 3.7634377
v 0.0000000 -0.3389693 2.2836246
v -0.5215096 -0.4984897 3.7634377
v 0.0000000 -0.3389693 2.2836246
v -0.5215096 -0.3389693 2.2836246
v 0.5215096 -0.4984897 3.7634377
v 0.5215096 -0.7367979 3.7634377
v 0.5215096 -0.5772775 2.2836246
v 0.5215096 -0.4984897 3.7634377
v 0.5215096 -0.5772775 2.2836246
v 0.5215096 -0.3389693 2.2836246
v -0.0000000 -0.9492725 3.7634377
v -0.5215096 -0.7367979 3.7634377
v -0.5215096 -0.5772775 2.2836246
v -0.0000000 -0.9492725 3.7634377
v -0.5215096 -0.5772775 2.2836246
v -0.0000000 -0.7897521 2.2836246
v -3.7710667 0.0820312 -2.2886865
v -3.7710664 0.0820312 -0.9600869
v -4.8166380 0.0625000 -1.8254772
v -3.7710667 0.0820312 -2.2886865
v -4.8166380 0.0625000 -1.8254772
v -4.8166380 0.0625000 -2.4479661
v 1.4708093 0.0000000 1.1937721
v 1.4708093 -0.1250000 0.9437721
v 0.4563451 -0.0500420 5.3621197
v 1.4708093 0.0000000 1.1937721
v 0.4563451 -0.0500420 5.3621197
v 0.4563451 0.0000000 5.6121197
v 3.7711844 0.0000000 -0.7100869
v 3.7711844 0.0820312 -0.9600870
v 4.8168097 0.0625000 -1.8254774
v 3.7711844 0.0000000 -0.7100869
v 4.8168097 0.0625000 -1.8254774
v 4.8168097 0.0000000 -1.5754774
v 0.0000000 -0.3471016 -1.9382715
v 1.1031070 -0.1250000 -1.9382715
v 1.1031070 -0.1250000 -4.9772139
v 0.0000000 -0.3471016 -1.9382715
v 1.1031070 -0.1250000 -4.9772139
v 0.0000000 -0.1250000 -4.9772139
v 0.0000000 -0.3471016 1.1937721
v 1.4708093 -0.1250000 0.9437721
v 1.1031070 -0.1250000 -1.9382715
v 0.0000000 -0.3471016 1.1937721
v 1.1031070 -0.1250000 -1.9382715
v 0.0000000 -0.3471016 -1.9382715
v 0.0000000 0.3471016 1.1937721
v -1.4708093 0.1250000 0.9437721
v -1.1031070 0.1250000 -1.9382715
v 0.0000000 0.3471016 1.1937721
v -1.1031070 0.1250000 -1.9382715
v 0.0000000 0.3471016 -1.9382715
v 0.0000000 0.0000000 5.6121197
v 0.0000000 0.1389573 5.3621197
v 0.4563451 0.0500420 5.3621197
v 0.0000000 0.0000000 5.6121197
v 0.4563451 0.0500420 5.3621197
v 0.4563451 0.0000000 5.6121197
v 0.0000000 -0.3471016 1.1937721
v -1.4708093 -0.1250000 0.9437721
v -0.4563451 -0.0500420 5.3621197
v 0.0000000 -0.3471016 1.1937721
v -0.4563451 -0.0500420 5.3621197
v 0.0000000 -0.1389573 5.3621197
v 0.0000000 0.3471016 1.1937721
v 1.4708093 0.1250000 0.9437721
v 0.4563451 0.0500420 5.3621197
v 0.0000000 0.3471016 1.1937721
v 0.4563451 0.0500420 5.3621197
v 0.0000000 0.1389573 5.3621197
v -1.4708093 0.0000000 1.1937721
v -1.4708093 0.1250000 0.9437721
v -0.4563451 0.0500420 5.3621197
v -1.4708093 0.0000000 1.1937721
v -0.4563451 0.0500420 5.3621197
v -0.4563451 0.0000000 5.6121197
v -1.4708093 0.1250000 0.9437721
v 0.0000000 0.3471016 1.1937721
v 0.0000000 0.1389573 5.3621197
v -1.4708093 0.1250000 0.9437721
v 0.0000000 0.1389573 5.3621197
v -0.4563451 0.0500420 5.3621197
v 1.4708093 -0.1250000 0.9437721
v 0.0000000 -0.3471016 1.1937721
v 0.0000000 -0.1389573 5.3621197
v 1.4708093 -0.1250000 0.9437721
v 0.0000000 -0.1389573 5.3621197
v 0.4563451 -0.0500420 5.3621197
v -0.4563451 0.0000000 5.6121197
v -0.4563451 0.0500420 5.3621197
v 0.0000000 0.1389573 5.3621197
v -0.4563451 0.0000000 5.6121197
v 0.0000000 0.1389573 5.3621197
v 0.0000000 0.0000000 5.6121197
v 1.4708093 0.1250000 0.9437721
v 0.0000000 0.3471016 1.1937721
v 0.0000000 0.3471016 -1.9382715
v 1.4708093 0.1250000 0.9437721
v 0.0000000 0.3471016 -1.9382715
v 1.1031070 0.1250000 -1.9382715
v -1.4708093 -0.1250000 0.9437721
v 0.0000000 -0.3471016 1.1937721
v 0.0000000 -0.3471016 -1.9382715
v -1.4708093 -0.1250000 0.9437721
v 0.0000000 -0.3471016 -1.9382715
v -1.1031070 -0.1250000 -1.9382715
v -1.1031070 0.1250000 -1.9382715
v -1.1031070 -0.1250000 -1.9382715
v -1.1031070 -0.1250000 -4.9772139
v -1.1031070 0.1250000 -1.9382715
v -1.1031070 -0.1250000 -4.9772139
v -1.1031070 0.1250000 -4.9772139
v -4.8166380 0.0000000 -1.5754772
v -4.8166380 -0.0625000 -1.8254772
v -4.8166380 0.0625000 -1.8254772
v -3.7710667 -0.0820312 -0.9600868
v -3.7710664 -0.0820312 -2.2886865
v -4.8166380 -0.0625000 -2.4479661
v -3.7710667 -0.0820312 -0.9600868
v -4.8166380 -0.0625000 -2.4479661
v -4.8166380 -0.0625000 -1.8254772
v -3.7710667 0.0000000 -0.7100869
v -3.7710667 -0.0820312 -0.9600868
v -4.8166380 -0.0625000 -1.8254772
v -3.7710667 0.0000000 -0.7100869
v -4.8166380 -0.0625000 -1.8254772
v -4.8166380 0.0000000 -1.5754772
v -4.8166380 -0.0625000 -2.4479661
v -3.7710664 -0.0820312 -2.2886865
v -3.7710664 -0.0820312 -2.4479661
v 4.8168097 -0.0625000 -2.4479661
v 4.8168097 0.0625000 -2.4479661
v 4.8168097 0.0000000 -2.6979661
v -4.8166380 0.0000000 -2.6979661
v -4.8166380 0.0625000 -2.4479661
v -4.8166380 -0.0625000 -2.4479661
v 3.7711844 -0.0820312 -2.2886865
v 3.7711847 -0.0820312 -0.9600869
v 4.8168097 -0.0625000 -1.8254774
v 3.7711844 -0.0820312 -2.2886865
v 4.8168097 -0.0625000 -1.8254774
v 4.8168097 -0.0625000 -2.4479661
v 3.7711844 0.0820312 -0.9600870
v 3.7711844 0.0820312 -2.2886865
v 4.8168097 0.0625000 -2.4479661
v 3.7711844 0.0820312 -0.9600870
v 4.8168097 0.0625000 -2.4479661
v 4.8168097 0.0625000 -1.8254774
v -1.1031070 -0.1250000 -1.9382715
v -1.1031070 0.1250000 -1.9382715
v -3.7710667 0.0820312 -2.2886865
v -1.1031070 -0.1250000 -1.9382715
v -3.7710667 0.0820312 -2.2886865
v -3.7710664 -0.0820312 -2.2886865
v -1.4708093 0.0000000 1.1937721
v -1.4708093 -0.1250000 0.9437721
v -3.7710667 -0.0820312 -0.9600868
v -1.4708093 0.0000000 1.1937721
v -3.7710667 -0.0820312 -0.9600868
v -3.7710667 0.0000000 -0.7100869
v -1.4708093 -0.1250000 0.9437721
v -1.1031070 -0.1250000 -1.9382715
v -3.7710664 -0.0820312 -2.2886865
v -1.4708093 -0.1250000 0.9437721
v -3.7710664 -0.0820312 -2.2886865
v -3.7710667 -0.0820312 -0.9600868
v -1.1031070 0.1250000 -1.9382715
v -1.4708093 0.1250000 0.9437721
v -3.7710664 0.0820312 -0.9600869
v -1.1031070 0.1250000 -1.9382715
v -3.7710664 0.0820312 -0.9600869
v -3.7710667 0.0820312 -2.2886865
v 1.4708093 0.1250000 0.9437721
v 1.1031070 0.1250000 -1.9382715
v 3.7711844 0.0820312 -2.2886865
v 1.4708093 0.1250000 0.9437721
v 3.7711844 0.0820312 -2.2886865
v 3.7711844 0.0820312 -0.9600870
v 1.1031070 -0.1250000 -1.9382715
v 1.4708093 -0.1250000 0.9437721
v 3.7711847 -0.0820312 -0.9600869
v 1.1031070 -0.1250000 -1.9382715
v 3.7711847 -0.0820312 -0.9600869
v 3.7711844 -0.0820312 -2.2886865
v 1.4708093 0.0000000 1.1937721
v 1.4708093 0.1250000 0.9437721
v 3.7711844 0.0820312 -0.9600870
v 1.4708093 0.0000000 1.1937721
v 3.7711844 0.0820312 -0.9600870
v 3.7711844 0.0000000 -0.7100869
v 1.4708093 -0.1250000 0.9437721
v 1.4708093 0.0000000 1.1937721
v 3.7711844 0.0000000 -0.7100869
v 1.4708093 -0.1250000 0.9437721
v 3.7711844 0.0000000 -0.7100869
v 3.7711847 -0.0820312 -0.9600869
v 1.1031070 0.1250000 -1.9382715
v 1.1031070 -0.1250000 -1.9382715
v 3.7711844 -0.0820312 -2.2886865
v 1.1031070 0.1250000 -1.9382715
v 3.7711844 -0.0820312 -2.2886865
v 3.7711844 0.0820312 -2.2886865
v -1.4708093 0.1250000 0.9437721
v -1.4708093 0.0000000 1.1937721
v -3.7710667 0.0000000 -0.7100869
v -1.4708093 0.1250000 0.9437721
v -3.7710667 0.0000000 -0.7100869
v -3.7710664 0.0820312 -0.9600869
v 4.8168097 -0.0625000 -2.4479661
v 4.8168097 -0.0625000 -1.8254774
v 4.8168097 0.0625000 -1.8254774
v 4.8168097 -0.0625000 -2.4479661
v 4.8168097 0.0625000 -1.8254774
v 4.8168097 0.0625000 -2.4479661
v 4.8168097 0.0000000 -1.5754774
v 4.8168097 0.0625000 -1.8254774
v 4.8168097 -0.0625000 -1.8254774
v -3.7710664 0.0820312 -0.9600869
v -3.7710667 0.0000000 -0.7100869
v -4.8166380 0.0000000 -1.5754772
v -3.7710664 0.0820312 -0.9600869
v -4.8166380 0.0000000 -1.5754772
v -4.8166380 0.0625000 -1.8254772
v -4.8166380 -0.0625000 -1.8254772
v -4.8166380 -0.0625000 -2.4479661
v -4.8166380 0.0625000 -2.4479661
v -4.8166380 -0.0625000 -1.8254772
v -4.8166380 0.0625000 -2.4479661
v -4.8166380 0.0625000 -1.8254772
v 1.1031070 0.1250000 -1.9382715
v 0.0000000 0.3471016 -1.9382715
v 0.0000000 0.1250000 -4.9772139
v 1.1031070 0.1250000 -1.9382715
v 0.0000000 0.1250000 -4.9772139
v 1.1031070 0.1250000 -4.9772139
v -0.4563451 -0.0500420 5.3621197
v -0.4563451 0.0000000 5.6121197
v 0.0000000 0.0000000 5.6121197
v -0.4563451 -0.0500420 5.3621197
v 0.0000000 0.0000000 5.6121197
v 0.0000000 -0.1389573 5.3621197
v -1.4708093 -0.1250000 0.9437721
v -1.4708093 0.0000000 1.1937721
v -0.4563451 0.0000000 5.6121197
v -1.4708093 -0.1250000 0.9437721
v -0.4563451 0.0000000 5.6121197
v -0.4563451 -0.0500420 5.3621197
v 0.0000000 -0.1389573 5.3621197
v 0.0000000 0.0000000 5.6121197
v 0.4563451 0.0000000 5.6121197
v 0.0000000 -0.1389573 5.3621197
v 0.4563451 0.0000000 5.6121197
v 0.4563451 -0.0500420 5.3621197
v 1.1031070 -0.1250000 -1.9382715
v 1.1031070 0.1250000 -1.9382715
v 1.1031070 0.1250000 -4.9772139
v 1.1031070 -0.1250000 -1.9382715
v 1.1031070 0.1250000 -4.9772139
v 1.1031070 -0.1250000 -4.9772139
v 3.7711847 -0.0820312 -0.9600869
v 3.7711844 0.0000000 -0.7100869
v 4.8168097 0.0000000 -1.5754774
v 3.7711847 -0.0820312 -0.9600869
v 4.8168097 0.0000000 -1.5754774
v 4.8168097 -0.0625000 -1.8254774
v 1.4708093 0.1250000 0.9437721
v 1.4708093 0.0000000 1.1937721
v 0.4563451 0.0000000 5.6121197
v 1.4708093 0.1250000 0.9437721
v 0.4563451 0.0000000 5.6121197
v 0.4563451 0.0500420 5.3621197
v -3.7710667 0.0000000 -2.6979661
v -3.7710667 0.0820312 -2.4479661
v -4.8166380 0.0625000 -2.4479661
v -3.7710667 0.0000000 -2.6979661
v -4.8166380 0.0625000 -2.4479661
v -4.8166380 0.0000000 -2.6979661
v 3.7711844 0.0000000 -2.6979661
v 3.7711844 -0.0820312 -2.4479661
v 4.8168097 -0.0625000 -2.4479661
v 3.7711844 0.0000000 -2.6979661
v 4.8168097 -0.0625000 -2.4479661
v 4.8168097 0.0000000 -2.6979661
v 3.7711844 0.0820312 -2.4479661
v 3.7711844 0.0000000 -2.6979661
v 4.8168097 0.0000000 -2.6979661
v 3.7711844 0.0820312 -2.4479661
v 4.8168097 0.0000000 -2.6979661
v 4.8168097 0.0625000 -2.4479661
v -3.7710664 -0.0820312 -2.4479661
v -3.7710667 0.0000000 -2.6979661
v -4.8166380 0.0000000 -2.6979661
v -3.7710664 -0.0820312 -2.4479661
v -4.8166380 0.0000000 -2.6979661
v -4.8166380 -0.0625000 -2.4479661
v 3.7711844 0.0820312 -2.4479661
v 3.7711844 -0.0820312 -2.4479661
v 3.7711844 0.0000000 -2.6979661
v -3.7710664 -0.0820312 -2.4479661
v -3.7710664 -0.0820312 -2.2886865
v -3.7710667 0.0820312 -2.2886865
v -3.7710664 -0.0820312 -2.4479661
v -3.7710667 0.0820312 -2.2886865
v -3.7710667 0.0820312 -2.4479661
v -3.7710667 0.0000000 -2.6979661
v -3.7710664 -0.0820312 -2.4479661
v -3.7710667 0.0820312 -2.4479661
v 4.8168097 0.0625000 -2.4479661
v 3.7711844 0.0820312 -2.2886865
v 3.7711844 0.0820312 -2.4479661
v -3.7710667 0.0820312 -2.2886865
v -4.8166380 0.0625000 -2.4479661
v -3.7710667 0.0820312 -2.4479661
v 3.7711844 -0.0820312 -2.2886865
v 4.8168097 -0.0625000 -2.4479661
v 3.7711844 -0.0820312 -2.4479661
v 3.7711844 0.0820312 -2.4479661
v 3.7711844 0.0820312 -2.2886865
v 3.7711844 -0.0820312 -2.2886865
v 3.7711844 0.0820312 -2.4479661
v 3.7711844 -0.0820312 -2.2886865
v 3.7711844 -0.0820312 -2.4479661
v 0.0000000 -0.1250000 -4.9772139
v 0.0000000 0.1250000 -4.9772139
v -0.7500000 0.1250000 -5.2272139
v 0.0000000 -0.1250000 -4.9772139
v -0.7500000 0.1250000 -5.2272139
v -0.7500000 -0.1250000 -5.2272139
v 0.0000000 -0.1250000 -4.9772139
v 1.1031070 -0.1250000 -4.9772139
v 1.1031070 -0.1250000 -5.2272139
v 0.0000000 -0.1250000 -4.9772139
v 1.1031070 -0.1250000 -5.2272139
v 0.7500000 -0.1250000 -5.2272139
v -1.1031070 -0.1250000 -1.9382715
v 0.0000000 -0.3471016 -1.9382715
v 0.0000000 -0.1250000 -4.9772139
v -1.1031070 -0.1250000 -1.9382715
v 0.0000000 -0.1250000 -4.9772139
v -1.1031070 -0.1250000 -4.9772139
v 0.0000000 0.3471016 -1.9382715
v -1.1031070 0.1250000 -1.9382715
v -1.1031070 0.1250000 -4.9772139
v 0.0000000 0.3471016 -1.9382715
v -1.1031070 0.1250000 -4.9772139
v 0.0000000 0.1250000 -4.9772139
v -0.1250000 0.7500000 -4.9496908
v -0.1250000 1.2500000 -4.9496908
v -0.1250000 1.2500000 -3.3332696
v -0.1250000 0.7500000 -4.9496908
v -0.1250000 1.2500000 -3.3332696
v -0.1250000 0.6983427 -0.7657721
v 0.0000000 0.6983427 -0.5157721
v 0.0000000 1.2500000 -3.0832696
v 0.1250000 1.2500000 -3.3332696
v 0.0000000 0.6983427 -0.5157721
v 0.1250000 1.2500000 -3.3332696
v 0.1250000 0.6983427 -0.7657721
v 0.1250000 0.6983427 -0.7657721
v 0.1250000 1.2500000 -3.3332696
v 0.1250000 1.2500000 -4.9496908
v 0.1250000 0.6983427 -0.7657721
v 0.1250000 1.2500000 -4.9496908
v 0.1250000 0.7500000 -4.9496908
v 0.1250000 0.7500000 -4.9496908
v 0.1250000 1.2500000 -4.9496908
v 0.0625000 1.2500000 -5.8970656
v 0.1250000 0.7500000 -4.9496908
v 0.0625000 1.2500000 -5.8970656
v 0.0625000 0.7500000 -5.8970656
v 0.0000000 0.5000000 -0.7657721
v 0.1250000 0.5000000 -0.7657721
v 0.1250000 0.5000000 -4.9496908
v 0.0000000 0.5000000 -0.7657721
v 0.1250000 0.5000000 -4.9496908
v 0.0000000 0.5000000 -4.9496908
v 0.0000000 1.2500000 -3.0832696
v -0.1250000 1.2500000 -3.3332696
v -0.1250000 1.2500000 -4.9496908
v 0.0000000 1.2500000 -3.0832696
v -0.1250000 1.2500000 -4.9496908
v 0.0000000 1.2500000 -4.9496908
v 0.0000000 0.5000000 -4.9496908
v 0.0000000 0.7500000 -4.9496908
v -0.1250000 0.7500000 -4.9496908
v 0.0000000 0.5000000 -4.9496908
v -0.1250000 0.7500000 -4.9496908
v -0.1250000 0.5000000 -4.9496908
v 0.1250000 0.5000000 -0.7657721
v 0.1250000 0.6983427 -0.7657721
v 0.1250000 0.7500000 -4.9496908
v 0.1250000 0.5000000 -0.7657721
v 0.1250000 0.7500000 -4.9496908
v 0.1250000 0.5000000 -4.9496908
v 0.0000000 0.5000000 -0.7657721
v 0.0000000 0.6983427 -0.5157721
v 0.1250000 0.6983427 -0.7657721
v 0.0000000 0.5000000 -0.7657721
v 0.1250000 0.6983427 -0.7657721
v 0.1250000 0.5000000 -0.7657721
v -0.1250000 0.5000000 -4.9496908
v -0.1250000 0.7500000 -4.9496908
v -0.1250000 0.6983427 -0.7657721
v -0.1250000 0.5000000 -4.9496908
v -0.1250000 0.6983427 -0.7657721
v -0.1250000 0.5000000 -0.7657721
v 0.0000000 0.7500000 -5.9595656
v 0.0000000 1.2500000 -5.9595656
v -0.0625000 1.2500000 -5.8970656
v 0.0000000 0.7500000 -5.9595656
v -0.0625000 1.2500000 -5.8970656
v -0.0625000 0.7500000 -5.8970656
v 0.0000000 1.2500000 -4.9496908
v -0.1250000 1.2500000 -4.9496908
v -0.0625000 1.2500000 -5.8970656
v 0.0000000 1.2500000 -4.9496908
v -0.0625000 1.2500000 -5.8970656
v 0.0000000 1.2500000 -5.9595656
v 0.0000000 0.7500000 -4.9496908
v 0.1250000 0.7500000 -4.9496908
v 0.0625000 0.7500000 -5.8970656
v 0.0000000 0.7500000 -4.9496908
v 0.0625000 0.7500000 -5.8970656
v 0.0000000 0.7500000 -5.9595656
v -0.1250000 1.2500000 -4.9496908
v -0.1250000 0.7500000 -4.9496908
v -0.0625000 0.7500000 -5.8970656
v -0.1250000 1.2500000 -4.9496908
v -0.0625000 0.7500000 -5.8970656
v -0.0625000 1.2500000 -5.8970656
v -0.1250000 0.7500000 -4.9496908
v 0.0000000 0.7500000 -4.9496908
v 0.0000000 0.7500000 -5.9595656
v -0.1250000 0.7500000 -4.9496908
v 0.0000000 0.7500000 -5.9595656
v -0.0625000 0.7500000 -5.8970656
v 0.1250000 1.2500000 -4.9496908
v 0.0000000 1.2500000 -4.9496908
v 0.0000000 1.2500000 -5.9595656
v 0.1250000 1.2500000 -4.9496908
v 0.0000000 1.2500000 -5.9595656
v 0.0625000 1.2500000 -5.8970656
v 0.0625000 0.7500000 -5.8970656
v 0.0625000 1.2500000 -5.8970656
v 0.0000000 1.2500000 -5.9595656
v 0.0625000 0.7500000 -5.8970656
v 0.0000000 1.2500000 -5.9595656
v 0.0000000 0.7500000 -5.9595656
v -0.1250000 0.5000000 -0.7657721
v -0.1250000 0.6983427 -0.7657721
v 0.0000000 0.6983427 -0.5157721
v -0.1250000 0.5000000 -0.7657721
v 0.0000000 0.6983427 -0.5157721
v 0.0000000 0.5000000 -0.7657721
v 0.1250000 0.5000000 -4.9496908
v 0.1250000 0.7500000 -4.9496908
v 0.0000000 0.7500000 -4.9496908
v 0.1250000 0.5000000 -4.9496908
v 0.0000000 0.7500000 -4.9496908
v 0.0000000 0.5000000 -4.9496908
v 0.1250000 1.2500000 -3.3332696
v 0.0000000 1.2500000 -3.0832696
v 0.0000000 1.2500000 -4.9496908
v 0.1250000 1.2500000 -3.3332696
v 0.0000000 1.2500000 -4.9496908
v 0.1250000 1.2500000 -4.9496908
v -0.1250000 0.5000000 -0.7657721
v 0.0000000 0.5000000 -0.7657721
v 0.0000000 0.5000000 -4.9496908
v -0.1250000 0.5000000 -0.7657721
v 0.0000000 0.5000000 -4.9496908
v -0.1250000 0.5000000 -4.9496908
v -0.1250000 0.6983427 -0.7657721
v -0.1250000 1.2500000 -3.3332696
v 0.0000000 1.2500000 -3.0832696
v -0.1250000 0.6983427 -0.7657721
v 0.0000000 1.2500000 -3.0832696
v 0.0000000 0.6983427 -0.5157721
v -0.0625000 1.2500000 -5.1124935
v -0.0625000 3.2500000 -6.3624935
v -0.0625000 3.2500000 -5.5998135
v -0.0625000 1.2500000 -5.1124935
v -0.0625000 3.2500000 -5.5998135
v -0.0625000 1.2500000 -3.5998135
v 0.0625000 3.2500000 -5.5998135
v 0.0625000 1.2500000 -3.5998135
v 0.0000000 1.2500000 -3.3498135
v 0.0625000 3.2500000 -5.5998135
v 0.0000000 1.2500000 -3.3498135
v 0.0000000 3.2500000 -5.3498135
v 0.0625000 1.2500000 -3.5998135
v 0.0625000 3.2500000 -5.5998135
v 0.0625000 3.2500000 -6.3624935
v 0.0625000 1.2500000 -3.5998135
v 0.0625000 3.2500000 -6.3624935
v 0.0625000 1.2500000 -5.1124935
v 0.0625000 1.2500000 -5.1124935
v 0.0625000 3.2500000 -6.3624935
v -0.0625000 3.2500000 -6.3624935
v 0.0625000 1.2500000 -5.1124935
v -0.0625000 3.2500000 -6.3624935
v -0.0625000 1.2500000 -5.1124935
v -0.0625000 1.2500000 -3.5998135
v 0.0625000 1.2500000 -3.5998135
v 0.0625000 1.2500000 -5.1124935
v -0.0625000 1.2500000 -3.5998135
v 0.0625000 1.2500000 -5.1124935
v -0.0625000 1.2500000 -5.1124935
v -0.0625000 3.2500000 -5.5998135
v -0.0625000 3.2500000 -6.3624935
v -0.0625000 3.5000000 -6.5187435
v -0.0625000 3.2500000 -5.5998135
v -0.0625000 3.5000000 -6.5187435
v -0.0625000 3.5000000 -5.8498135
v 0.0625000 1.2500000 -3.5998135
v -0.0625000 1.2500000 -3.5998135
v 0.0000000 1.2500000 -3.3498135
v 0.0625000 3.2500000 -6.3624935
v 0.0625000 3.2500000 -5.5998135
v 0.0625000 3.5000000 -5.8498135
v 0.0625000 3.2500000 -6.3624935
v 0.0625000 3.5000000 -5.8498135
v 0.0625000 3.5000000 -6.5187435
v -0.0625000 1.2500000 -3.5998135
v -0.0625000 3.2500000 -5.5998135
v 0.0000000 3.2500000 -5.3498135
v -0.0625000 1.2500000 -3.5998135
v 0.0000000 3.2500000 -5.3498135
v 0.0000000 1.2500000 -3.3498135
v 0.0625000 3.5000000 -5.8498135
v -0.0625000 3.5000000 -5.8498135
v -0.0625000 3.5000000 -6.5187435
v 0.0625000 3.5000000 -5.8498135
v -0.0625000 3.5000000 -6.5187435
v 0.0625000 3.5000000 -6.5187435
v -0.0625000 3.5000000 -5.8498135
v 0.0625000 3.5000000 -5.8498135
v 0.0000000 3.5000000 -5.5998135
v -0.0625000 3.5000000 -6.5187435
v -0.0625000 3.2500000 -6.3624935
v -0.0625000 3.2500000 -7.0187435
v -0.0625000 3.5000000 -6.5187435
v -0.0625000 3.2500000 -7.0187435
v -0.0625000 3.5000000 -7.0187435
v 0.0000000 3.2500000 -5.3498135
v -0.0625000 3.2500000 -5.5998135
v -0.0625000 3.5000000 -5.8498135
v 0.0000000 3.2500000 -5.3498135
v -0.0625000 3.5000000 -5.8498135
v 0.0000000 3.5000000 -5.5998135
v 0.0625000 3.2500000 -5.5998135
v 0.0000000 3.2500000 -5.3498135
v 0.0000000 3.5000000 -5.5998135
v 0.0625000 3.2500000 -5.5998135
v 0.0000000 3.5000000 -5.5998135
v 0.0625000 3.5000000 -5.8498135
v -0.0625000 3.2500000 -7.0187435
v 0.0625000 3.2500000 -7.0187435
v 0.0625000 3.5000000 -7.0187435
v -0.0625000 3.2500000 -7.0187435
v 0.0625000 3.5000000 -7.0187435
v -0.0625000 3.5000000 -7.0187435
v -0.0625000 3.2500000 -6.3624935
v 0.0625000 3.2500000 -6.3624935
v 0.0625000 3.2500000 -7.0187435
v -0.0625000 3.2500000 -6.3624935
v 0.0625000 3.2500000 -7.0187435
v -0.0625000 3.2500000 -7.0187435
v 0.0625000 3.5000000 -6.5187435
v -0.0625000 3.5000000 -6.5187435
v -0.0625000 3.5000000 -7.0187435
v 0.0625000 3.5000000 -6.5187435
v -0.0625000 3.5000000 -7.0187435
v 0.0625000 3.5000000 -7.0187435
v 0.0625000 3.2500000 -6.3624935
v 0.0625000 3.5000000 -6.5187435
v 0.0625000 3.5000000 -7.0187435
v 0.0625000 3.2500000 -6.3624935
v 0.0625000 3.5000000 -7.0187435
v 0.0625000 3.2500000 -7.0187435
v 1.1031070 -0.1250000 -4.9772139
v 1.1031070 0.1250000 -4.9772139
v 1.1031070 0.1250000 -5.2272139
v 1.1031070 -0.1250000 -4.9772139
v 1.1031070 0.1250000 -5.2272139
v 1.1031070 -0.1250000 -5.2272139
v 1.1031070 0.1250000 -4.9772139
v 0.0000000 0.1250000 -4.9772139
v 0.7500000 0.1250000 -5.2272139
v 1.1031070 0.1250000 -4.9772139
v 0.7500000 0.1250000 -5.2272139
v 1.1031070 0.1250000 -5.2272139
v 0.0000000 0.1250000 -4.9772139
v 0.0000000 -0.1250000 -4.9772139
v 0.7500000 -0.1250000 -5.2272139
v 0.0000000 0.1250000 -4.9772139
v 0.7500000 -0.1250000 -5.2272139
v 0.7500000 0.1250000 -5.2272139
v -1.1031070 -0.1250000 -4.9772139
v 0.0000000 -0.1250000 -4.9772139
v -0.7500000 -0.1250000 -5.2272139
v -1.1031070 -0.1250000 -4.9772139
v -0.7500000 -0.1250000 -5.2272139
v -1.1031070 -0.1250000 -5.2272139
v 0.0000000 0.1250000 -4.9772139
v -1.1031070 0.1250000 -4.9772139
v -1.1031070 0.1250000 -5.2272139
v 0.0000000 0.1250000 -4.9772139
v -1.1031070 0.1250000 -5.2272139
v -0.7500000 0.1250000 -5.2272139
v -1.1031070 0.1250000 -4.9772139
v -1.1031070 -0.1250000 -4.9772139
v -1.1031070 -0.1250000 -5.2272139
v -1.1031070 0.1250000 -4.9772139
v -1.1031070 -0.1250000 -5.2272139
v -1.1031070 0.1250000 -5.2272139
v 0.7500000 0.1250000 -5.2272139
v 0.7500000 -0.1250000 -5.2272139
v 1.1031070 -0.1250000 -5.2272139
v 0.7500000 0.1250000 -5.2272139
v 1.1031070 -0.1250000 -5.2272139
v 1.1031070 0.1250000 -5.2272139
v -1.1031070 0.1250000 -5.2272139
v -1.1031070 -0.1250000 -5.2272139
v -0.7500000 -0.1250000 -5.2272139
v -1.1031070 0.1250000 -5.2272139
v -0.7500000 -0.1250000 -5.2272139
v -0.7500000 0.1250000 -5.2272139
v -0.7500000 0.0000000 -4.9772139
v -0.9373505 0.0000000 -4.0423393
v -0.5303300 -0.5303301 -4.0423393
v -0.7500000 0.0000000 -4.9772139
v -0.5303300 -0.5303301 -4.0423393
v -0.5303300 -0.5303301 -4.9772139
v -0.0000000 -0.7500000 -4.9772139
v -0.0000000 -0.7500000 -4.0423393
v 0.5303300 -0.5303301 -4.0423393
v -0.0000000 -0.7500000 -4.9772139
v 0.5303300 -0.5303301 -4.0423393
v 0.5303300 -0.5303301 -4.9772139
v 0.7500000 0.0000000 -4.9772139
v 0.9376494 0.0000000 -4.0423393
v 0.5303300 0.5303301 -4.0423393
v 0.7500000 0.0000000 -4.9772139
v 0.5303300 0.5303301 -4.0423393
v 0.5303300 0.5303301 -4.9772139
v -0.5303300 0.5303301 -4.9772139
v -0.5303300 0.5303301 -4.0423393
v -0.9373505 0.0000000 -4.0423393
v -0.5303300 0.5303301 -4.9772139
v -0.9373505 0.0000000 -4.0423393
v -0.7500000 0.0000000 -4.9772139
v -0.5303300 -0.5303301 -4.9772139
v -0.5303300 -0.5303301 -4.0423393
v -0.0000000 -0.7500000 -4.0423393
v -0.5303300 -0.5303301 -4.9772139
v -0.0000000 -0.7500000 -4.0423393
v -0.0000000 -0.7500000 -4.9772139
v 0.5303300 -0.5303301 -4.9772139
v 0.5303300 -0.5303301 -4.0423393
v 0.9376494 0.0000000 -4.0423393
v 0.5303300 -0.5303301 -4.9772139
v 0.9376494 0.0000000 -4.0423393
v 0.7500000 0.0000000 -4.9772139
v 0.5303300 0.5303301 -4.9772139
v 0.5303300 0.5303301 -4.0423393
v -0.0000000 0.7500000 -4.0423393
v 0.5303300 0.5303301 -4.9772139
v -0.0000000 0.7500000 -4.0423393
v -0.0000000 0.7500000 -4.9772139
v -0.0000000 0.7500000 -4.9772139
v -0.0000000 0.7500000 -4.0423393
v -0.5303300 0.5303301 -4.0423393
v -0.0000000 0.7500000 -4.9772139
v -0.5303300 0.5303301 -4.0423393
v -0.5303300 0.5303301 -4.9772139
v 0.0000000 0.0706375 3.8396697
v 0.2126613 0.2105014 3.3119893
v -0.0812278 0.2511347 2.9802470
v 0.3618037 0.4568301 2.9600773
v 0.2126613 0.2105014 3.3119893
v 0.4253239 0.3060105 3.8684993
v 0.0000000 0.0706375 3.8396697
v -0.0812278 0.2511347 2.9802470
v -0.2628649 0.1447577 3.8487482
v 0.0000000 0.0706375 3.8396697
v -0.2628649 0.1447577 3.8487482
v -0.0812278 0.0383781 4.7172494
v 0.0000000 0.0706375 3.8396697
v -0.0812278 0.0383781 4.7172494
v 0.2126613 0.0790117 4.3855066
v 0.3618037 0.4568301 2.9600773
v 0.4253239 0.3060105 3.8684993
v 0.4755289 0.6326736 3.3636975
v -0.1381940 0.5259604 2.3956780
v 0.1314344 0.4781339 2.4632311
v 0.0000000 0.7796872 2.1634393
v -0.4472131 0.3449794 3.8732724
v -0.3440947 0.4123891 2.9999948
v -0.4755289 0.6326736 3.3636975
v -0.1381940 0.1639944 5.3508649
v -0.3440947 0.1996317 4.7370033
v -0.2938928 0.3948033 5.3057342
v 0.3618037 0.2331249 4.7864671
v 0.1314344 0.1338855 5.2737670
v 0.2938928 0.3948033 5.3057342
v 0.3618037 0.4568301 2.9600773
v 0.4755289 0.6326736 3.3636975
v 0.2938928 0.7390538 2.4951806
v -0.1381940 0.5259604 2.3956780
v 0.0000000 0.7796872 2.1634393
v -0.2938928 0.7390538 2.4951806
v -0.4472131 0.3449794 3.8732724
v -0.4755289 0.6326736 3.3636975
v -0.4755289 0.5011835 4.4372182
v -0.1381940 0.1639944 5.3508649
v -0.2938928 0.3948033 5.3057342
v 0.0000000 0.3541699 5.6374764
v 0.3618037 0.2331249 4.7864671
v 0.2938928 0.3948033 5.3057342
v 0.4755289 0.5011835 4.4372182
v 0.1381940 0.9698628 2.4500494
v 0.3440947 0.9342255 3.0639119
v 0.0812278 1.0954790 3.0836663
v -0.3618037 0.9007322 3.0144486
v -0.1314344 0.9999716 2.5271482
v -0.2126613 1.0548456 3.4154086
v -0.3618037 0.6770269 4.8408384
v -0.4253239 0.8278466 3.9324164
v -0.2126613 0.9233558 4.4889264
v 0.1381940 0.6078969 5.4052367
v -0.1314344 0.6557233 5.3376842
v 0.0812278 0.8827224 4.8206687
v 0.4472131 0.7888777 3.9276433
v 0.3440947 0.7214680 4.8009205
v 0.2628649 0.9890993 3.9521675
v 0.2628649 0.9890993 3.9521675
v 0.0812278 0.8827224 4.8206687
v 0.0000000 1.0632195 3.9612460
v 0.2628649 0.9890993 3.9521675
v 0.3440947 0.7214680 4.8009205
v 0.0812278 0.8827224 4.8206687
v 0.3440947 0.7214680 4.8009205
v 0.1381940 0.6078969 5.4052367
v 0.0812278 0.8827224 4.8206687
v 0.0812278 0.8827224 4.8206687
v -0.2126613 0.9233558 4.4889264
v 0.0000000 1.0632195 3.9612460
v 0.0812278 0.8827224 4.8206687
v -0.1314344 0.6557233 5.3376842
v -0.2126613 0.9233558 4.4889264
v -0.1314344 0.6557233 5.3376842
v -0.3618037 0.6770269 4.8408384
v -0.2126613 0.9233558 4.4889264
v -0.2126613 0.9233558 4.4889264
v -0.2126613 1.0548456 3.4154086
v 0.0000000 1.0632195 3.9612460
v -0.2126613 0.9233558 4.4889264
v -0.4253239 0.8278466 3.9324164
v -0.2126613 1.0548456 3.4154086
v -0.4253239 0.8278466 3.9324164
v -0.3618037 0.9007322 3.0144486
v -0.2126613 1.0548456 3.4154086
v -0.2126613 1.0548456 3.4154086
v 0.0812278 1.0954790 3.0836663
v 0.0000000 1.0632195 3.9612460
v -0.2126613 1.0548456 3.4154086
v -0.1314344 0.9999716 2.5271482
v 0.0812278 1.0954790 3.0836663
v -0.1314344 0.9999716 2.5271482
v 0.1381940 0.9698628 2.4500494
v 0.0812278 1.0954790 3.0836663
v 0.0812278 1.0954790 3.0836663
v 0.2628649 0.9890993 3.9521675
v 0.0000000 1.0632195 3.9612460
v 0.0812278 1.0954790 3.0836663
v 0.3440947 0.9342255 3.0639119
v 0.2628649 0.9890993 3.9521675
v 0.3440947 0.9342255 3.0639119
v 0.4472131 0.7888777 3.9276433
v 0.2628649 0.9890993 3.9521675
v 0.4755289 0.5011835 4.4372182
v 0.3440947 0.7214680 4.8009205
v 0.4472131 0.7888777 3.9276433
v 0.4755289 0.5011835 4.4372182
v 0.2938928 0.3948033 5.3057342
v 0.3440947 0.7214680 4.8009205
v 0.2938928 0.3948033 5.3057342
v 0.1381940 0.6078969 5.4052367
v 0.3440947 0.7214680 4.8009205
v 0.0000000 0.3541699 5.6374764
v -0.1314344 0.6557233 5.3376842
v 0.1381940 0.6078969 5.4052367
v 0.0000000 0.3541699 5.6374764
v -0.2938928 0.3948033 5.3057342
v -0.1314344 0.6557233 5.3376842
v -0.2938928 0.3948033 5.3057342
v -0.3618037 0.6770269 4.8408384
v -0.1314344 0.6557233 5.3376842
v -0.4755289 0.5011835 4.4372182
v -0.4253239 0.8278466 3.9324164
v -0.3618037 0.6770269 4.8408384
v -0.4755289 0.5011835 4.4372182
v -0.4755289 0.6326736 3.3636975
v -0.4253239 0.8278466 3.9324164
v -0.4755289 0.6326736 3.3636975
v -0.3618037 0.9007322 3.0144486
v -0.4253239 0.8278466 3.9324164
v -0.2938928 0.7390538 2.4951806
v -0.1314344 0.9999716 2.5271482
v -0.3618037 0.9007322 3.0144486
v -0.2938928 0.7390538 2.4951806
v 0.0000000 0.7796872 2.1634393
v -0.1314344 0.9999716 2.5271482
v 0.0000000 0.7796872 2.1634393
v 0.1381940 0.9698628 2.4500494
v -0.1314344 0.9999716 2.5271482
v 0.2938928 0.7390538 2.4951806
v 0.3440947 0.9342255 3.0639119
v 0.1381940 0.9698628 2.4500494
v 0.2938928 0.7390538 2.4951806
v 0.4755289 0.6326736 3.3636975
v 0.3440947 0.9342255 3.0639119
v 0.4755289 0.6326736 3.3636975
v 0.4472131 0.7888777 3.9276433
v 0.3440947 0.9342255 3.0639119
v 0.2938928 0.3948033 5.3057342
v 0.0000000 0.3541699 5.6374764
v 0.1381940 0.6078969 5.4052367
v 0.2938928 0.3948033 5.3057342
v 0.1314344 0.1338855 5.2737670
v 0.0000000 0.3541699 5.6374764
v 0.1314344 0.1338855 5.2737670
v -0.1381940 0.1639944 5.3508649
v 0.0000000 0.3541699 5.6374764
v -0.2938928 0.3948033 5.3057342
v -0.4755289 0.5011835 4.4372182
v -0.3618037 0.6770269 4.8408384
v -0.2938928 0.3948033 5.3057342
v -0.3440947 0.1996317 4.7370033
v -0.4755289 0.5011835 4.4372182
v -0.3440947 0.1996317 4.7370033
v -0.4472131 0.3449794 3.8732724
v -0.4755289 0.5011835 4.4372182
v -0.4755289 0.6326736 3.3636975
v -0.2938928 0.7390538 2.4951806
v -0.3618037 0.9007322 3.0144486
v -0.4755289 0.6326736 3.3636975
v -0.3440947 0.4123891 2.9999948
v -0.2938928 0.7390538 2.4951806
v -0.3440947 0.4123891 2.9999948
v -0.1381940 0.5259604 2.3956780
v -0.2938928 0.7390538 2.4951806
v 0.0000000 0.7796872 2.1634393
v 0.2938928 0.7390538 2.4951806
v 0.1381940 0.9698628 2.4500494
v 0.0000000 0.7796872 2.1634393
v 0.1314344 0.4781339 2.4632311
v 0.2938928 0.7390538 2.4951806
v 0.1314344 0.4781339 2.4632311
v 0.3618037 0.4568301 2.9600773
v 0.2938928 0.7390538 2.4951806
v 0.4755289 0.6326736 3.3636975
v 0.4755289 0.5011835 4.4372182
v 0.4472131 0.7888777 3.9276433
v 0.4755289 0.6326736 3.3636975
v 0.4253239 0.3060105 3.8684993
v 0.4755289 0.5011835 4.4372182
v 0.4253239 0.3060105 3.8684993
v 0.3618037 0.2331249 4.7864671
v 0.4755289 0.5011835 4.4372182
v 0.2126613 0.0790117 4.3855066
v 0.1314344 0.1338855 5.2737670
v 0.3618037 0.2331249 4.7864671
v 0.2126613 0.0790117 4.3855066
v -0.0812278 0.0383781 4.7172494
v 0.1314344 0.1338855 5.2737670
v -0.0812278 0.0383781 4.7172494
v -0.1381940 0.1639944 5.3508649
v 0.1314344 0.1338855 5.2737670
v -0.0812278 0.0383781 4.7172494
v -0.3440947 0.1996317 4.7370033
v -0.1381940 0.1639944 5.3508649
v -0.0812278 0.0383781 4.7172494
v -0.2628649 0.1447577 3.8487482
v -0.3440947 0.1996317 4.7370033
v -0.2628649 0.1447577 3.8487482
v -0.4472131 0.3449794 3.8732724
v -0.3440947 0.1996317 4.7370033
v -0.2628649 0.1447577 3.8487482
v -0.3440947 0.4123891 2.9999948
v -0.4472131 0.3449794 3.8732724
v -0.2628649 0.1447577 3.8487482
v -0.0812278 0.2511347 2.9802470
v -0.3440947 0.4123891 2.9999948
v -0.0812278 0.2511347 2.9802470
v -0.1381940 0.5259604 2.3956780
v -0.3440947 0.4123891 2.9999948
v 0.4253239 0.3060105 3.8684993
v 0.2126613 0.0790117 4.3855066
v 0.3618037 0.2331249 4.7864671
v 0.4253239 0.3060105 3.8684993
v 0.2126613 0.2105014 3.3119893
v 0.2126613 0.0790117 4.3855066
v 0.2126613 0.2105014 3.3119893
v 0.0000000 0.0706375 3.8396697
v 0.2126613 0.0790117 4.3855066
v -0.0812278 0.2511347 2.9802470
v 0.1314344 0.4781339 2.4632311
v -0.1381940 0.5259604 2.3956780
v -0.0812278 0.2511347 2.9802470
v 0.2126613 0.2105014 3.3119893
v 0.1314344 0.4781339 2.4632311
v 0.2126613 0.2105014 3.3119893
v 0.3618037 0.4568301 2.9600773
v 0.1314344 0.4781339 2.4632311
vt 0.0432374 0.5396780
vt 0.0428584 0.5676747
vt 0.0397888 0.5672633
vt 0.0432374 0.5396780
vt 0.0397888 0.5672633
vt 0.0401677 0.5392666
vt 0.0314147 0.5400508
vt 0.0317640 0.5690202
vt 0.0285870 0.5691062
vt 0.0314147 0.5400508
vt 0.0285870 0.5691062
vt 0.0282378 0.5401369
vt 0.0556283 0.5402195
vt 0.0551291 0.5691987
vt 0.0512523 0.5691108
vt 0.0556283 0.5402195
vt 0.0512523 0.5691108
vt 0.0517514 0.5401316
vt 0.0466044 0.5402198
vt 0.0471033 0.5691988
vt 0.0439034 0.5692217
vt 0.0466044 0.5402198
vt 0.0439034 0.5692217
vt 0.0434044 0.5402427
vt 0.0401677 0.5392666
vt 0.0397888 0.5672633
vt 0.0358578 0.5673023
vt 0.0401677 0.5392666
vt 0.0358578 0.5673023
vt 0.0362368 0.5393057
vt 0.0353058 0.5400309
vt 0.0356550 0.5690002
vt 0.0317640 0.5690202
vt 0.0353058 0.5400309
vt 0.0317640 0.5690202
vt 0.0314147 0.5400508
vt 0.0588278 0.5402426
vt 0.0583287 0.5692217
vt 0.0551291 0.5691987
vt 0.0588278 0.5402426
vt 0.0551291 0.5691987
vt 0.0556283 0.5402195
vt 0.0504796 0.5401317
vt 0.0509786 0.5691108
vt 0.0471033 0.5691988
vt 0.0504796 0.5401317
vt 0.0471033 0.5691988
vt 0.0466044 0.5402198
vt 0.0525907 0.1710615
vt 0.0500277 0.1707180
vt 0.0500500 0.1668724
vt 0.0525907 0.1710615
vt 0.0500500 0.1668724
vt 0.0521062 0.1671480
vt 0.0410359 0.1710175
vt 0.0383834 0.1710894
vt 0.0388299 0.1669301
vt 0.0410359 0.1710175
vt 0.0388299 0.1669301
vt 0.0409580 0.1668724
vt 0.0656030 0.1711327
vt 0.0630567 0.1710535
vt 0.0636743 0.1668724
vt 0.0656030 0.1711327
vt 0.0636743 0.1668724
vt 0.0657172 0.1669360
vt 0.0561607 0.1711329
vt 0.0534890 0.1711521
vt 0.0539028 0.1669515
vt 0.0561607 0.1711329
vt 0.0539028 0.1669515
vt 0.0560463 0.1669360
vt 0.0500277 0.1707180
vt 0.0473690 0.1709355
vt 0.0479169 0.1670469
vt 0.0500277 0.1707180
vt 0.0479169 0.1670469
vt 0.0500500 0.1668724
vt 0.0436065 0.1710345
vt 0.0410359 0.1710175
vt 0.0409580 0.1668724
vt 0.0436065 0.1710345
vt 0.0409580 0.1668724
vt 0.0430203 0.1668861
vt 0.0682744 0.1711519
vt 0.0656030 0.1711327
vt 0.0657172 0.1669360
vt 0.0682744 0.1711519
vt 0.0657172 0.1669360
vt 0.0678604 0.1669514
vt 0.0587066 0.1710535
vt 0.0561607 0.1711329
vt 0.0560463 0.1669360
vt 0.0587066 0.1710535
vt 0.0560463 0.1669360
vt 0.0580889 0.1668724
vt 0.0495587 0.5346096
vt 0.0465095 0.5347046
vt 0.0463951 0.5305078
vt 0.0495587 0.5346096
vt 0.0463951 0.5305078
vt 0.0489410 0.5304285
vt 0.0589228 0.5347274
vt 0.0557232 0.5347043
vt 0.0558374 0.5305076
vt 0.0589228 0.5347274
vt 0.0558374 0.5305076
vt 0.0585088 0.5305269
vt 0.0344271 0.5345579
vt 0.0313483 0.5345375
vt 0.0312703 0.5303924
vt 0.0344271 0.5345579
vt 0.0312703 0.5303924
vt 0.0338409 0.5304095
vt 0.0402398 0.5339385
vt 0.0370554 0.5341989
vt 0.0376034 0.5303104
vt 0.0402398 0.5339385
vt 0.0376034 0.5303104
vt 0.0402621 0.5300929
vt 0.0465095 0.5347046
vt 0.0433095 0.5347276
vt 0.0437233 0.5305270
vt 0.0465095 0.5347046
vt 0.0437233 0.5305270
vt 0.0463951 0.5305078
vt 0.0557232 0.5347043
vt 0.0526735 0.5346095
vt 0.0532911 0.5304284
vt 0.0557232 0.5347043
vt 0.0532911 0.5304284
vt 0.0558374 0.5305076
vt 0.0313483 0.5345375
vt 0.0281713 0.5346236
vt 0.0286178 0.5304643
vt 0.0313483 0.5345375
vt 0.0286178 0.5304643
vt 0.0312703 0.5303924
vt 0.0433095 0.5343499
vt 0.0402398 0.5339385
vt 0.0402621 0.5300929
vt 0.0433095 0.5343499
vt 0.0402621 0.5300929
vt 0.0428250 0.5304364
vt 0.0803684 0.2034615
vt 0.0819733 0.2018567
vt 0.0820867 0.2021305
vt 0.0803684 0.2034615
vt 0.0820867 0.2021305
vt 0.0806422 0.2035750
vt 0.0819733 0.2073360
vt 0.0803684 0.2057312
vt 0.0806422 0.2056177
vt 0.0819733 0.2073360
vt 0.0806422 0.2056177
vt 0.0820867 0.2070622
vt 0.0858478 0.2057312
vt 0.0842429 0.2073360
vt 0.0841295 0.2070622
vt 0.0858478 0.2057312
vt 0.0841295 0.2070622
vt 0.0855739 0.2056177
vt 0.0842429 0.2018567
vt 0.0858478 0.2034615
vt 0.0855739 0.2035750
vt 0.0842429 0.2018567
vt 0.0855739 0.2035750
vt 0.0841295 0.2021305
vt 0.0819733 0.2018567
vt 0.0842429 0.2018567
vt 0.0841295 0.2021305
vt 0.0819733 0.2018567
vt 0.0841295 0.2021305
vt 0.0820867 0.2021305
vt 0.0803684 0.2057312
vt 0.0803684 0.2034615
vt 0.0806422 0.2035750
vt 0.0803684 0.2057312
vt 0.0806422 0.2035750
vt 0.0806422 0.2056177
vt 0.0842429 0.2073360
vt 0.0819733 0.2073360
vt 0.0820867 0.2070622
vt 0.0842429 0.2073360
vt 0.0820867 0.2070622
vt 0.0841295 0.2070622
vt 0.0858478 0.2034615
vt 0.0858478 0.2057312
vt 0.0855739 0.2056177
vt 0.0858478 0.2034615
vt 0.0855739 0.2056177
vt 0.0855739 0.2035750
vt 0.0845926 0.1858770
vt 0.0865218 0.1858963
vt 0.0865218 0.1900735
vt 0.0845926 0.1858770
vt 0.0865218 0.1900735
vt 0.0845926 0.1900541
vt 0.0839423 0.1950583
vt 0.0858599 0.1948753
vt 0.0858599 0.1989106
vt 0.0839423 0.1950583
vt 0.0858599 0.1989106
vt 0.0839423 0.1990936
vt 0.0705444 0.2109609
vt 0.0724602 0.2109321
vt 0.0724602 0.2151075
vt 0.0705444 0.2109609
vt 0.0724602 0.2151075
vt 0.0705444 0.2151363
vt 0.0846824 0.1900797
vt 0.0865219 0.1901053
vt 0.0865219 0.1942824
vt 0.0846824 0.1900797
vt 0.0865219 0.1942824
vt 0.0846824 0.1942568
vt 0.0827535 0.1859027
vt 0.0845926 0.1858770
vt 0.0845926 0.1900541
vt 0.0827535 0.1859027
vt 0.0845926 0.1900541
vt 0.0827535 0.1900797
vt 0.0820884 0.1948353
vt 0.0839423 0.1950583
vt 0.0839423 0.1990936
vt 0.0820884 0.1948353
vt 0.0839423 0.1990936
vt 0.0820884 0.1988706
vt 0.0686884 0.2109262
vt 0.0705444 0.2109609
vt 0.0705444 0.2151363
vt 0.0686884 0.2109262
vt 0.0705444 0.2151363
vt 0.0686884 0.2151017
vt 0.0827535 0.1900991
vt 0.0846824 0.1900797
vt 0.0846824 0.1942568
vt 0.0827535 0.1900991
vt 0.0846824 0.1942568
vt 0.0827535 0.1942762
vt 0.0759535 0.0696897
vt 0.0745090 0.0682452
vt 0.0769748 0.0672238
vt 0.0794407 0.0682452
vt 0.0779962 0.0696897
vt 0.0769748 0.0672238
vt 0.0779962 0.0647579
vt 0.0794407 0.0662024
vt 0.0769748 0.0672238
vt 0.0759535 0.0647579
vt 0.0779962 0.0647579
vt 0.0769748 0.0672238
vt 0.0745090 0.0682452
vt 0.0745090 0.0662024
vt 0.0769748 0.0672238
vt 0.0779962 0.0696897
vt 0.0759535 0.0696897
vt 0.0769748 0.0672238
vt 0.0794407 0.0662024
vt 0.0794407 0.0682452
vt 0.0769748 0.0672238
vt 0.0745090 0.0662024
vt 0.0759535 0.0647579
vt 0.0769748 0.0672238
vt 0.0285870 0.5691062
vt 0.0317640 0.5690202
vt 0.0314963 0.5764422
vt 0.0285870 0.5691062
vt 0.0314963 0.5764422
vt 0.0281713 0.5765235
vt 0.0512523 0.5691108
vt 0.0551291 0.5691987
vt 0.0549662 0.5766513
vt 0.0512523 0.5691108
vt 0.0549662 0.5766513
vt 0.0511242 0.5765467
vt 0.0439034 0.5692217
vt 0.0471033 0.5691988
vt 0.0472806 0.5766555
vt 0.0439034 0.5692217
vt 0.0472806 0.5766555
vt 0.0436298 0.5766776
vt 0.0358578 0.5673023
vt 0.0397888 0.5672633
vt 0.0400792 0.5743598
vt 0.0358578 0.5673023
vt 0.0400792 0.5743598
vt 0.0357447 0.5744852
vt 0.0317640 0.5690202
vt 0.0356550 0.5690002
vt 0.0357447 0.5764336
vt 0.0317640 0.5690202
vt 0.0357447 0.5764336
vt 0.0314963 0.5764422
vt 0.0551291 0.5691987
vt 0.0583287 0.5692217
vt 0.0586023 0.5766775
vt 0.0551291 0.5691987
vt 0.0586023 0.5766775
vt 0.0549662 0.5766513
vt 0.0471033 0.5691988
vt 0.0509786 0.5691108
vt 0.0511242 0.5765507
vt 0.0471033 0.5691988
vt 0.0511242 0.5765507
vt 0.0472806 0.5766555
vt 0.0397888 0.5672633
vt 0.0428584 0.5676747
vt 0.0433095 0.5747350
vt 0.0397888 0.5672633
vt 0.0433095 0.5747350
vt 0.0400792 0.5743598
vt 0.0290738 0.5868150
vt 0.0317694 0.5867463
vt 0.0320426 0.5970503
vt 0.0290738 0.5868150
vt 0.0320426 0.5970503
vt 0.0299763 0.5971063
vt 0.0613615 0.5367035
vt 0.0590886 0.5368272
vt 0.0589228 0.5324562
vt 0.0613615 0.5367035
vt 0.0589228 0.5324562
vt 0.0612860 0.5264138
vt 0.0665141 0.5367045
vt 0.0639416 0.5365258
vt 0.0639416 0.5262474
vt 0.0665141 0.5367045
vt 0.0639416 0.5262474
vt 0.0665806 0.5264146
vt 0.0362713 0.5846013
vt 0.0397168 0.5845258
vt 0.0393545 0.5946919
vt 0.0362713 0.5846013
vt 0.0393545 0.5946919
vt 0.0372833 0.5948613
vt 0.0317694 0.5867463
vt 0.0351591 0.5867355
vt 0.0340451 0.5970636
vt 0.0317694 0.5867463
vt 0.0340451 0.5970636
vt 0.0320426 0.5970503
vt 0.0639416 0.5365242
vt 0.0613615 0.5367035
vt 0.0612860 0.5264138
vt 0.0639416 0.5365242
vt 0.0612860 0.5264138
vt 0.0639416 0.5262474
vt 0.0687867 0.5368262
vt 0.0665141 0.5367045
vt 0.0665806 0.5264146
vt 0.0687867 0.5368262
vt 0.0665806 0.5264146
vt 0.0689485 0.5324550
vt 0.0397168 0.5845258
vt 0.0423302 0.5848472
vt 0.0413510 0.5949594
vt 0.0397168 0.5845258
vt 0.0413510 0.5949594
vt 0.0393545 0.5946919
vt 0.0614281 0.5469943
vt 0.0634051 0.5468256
vt 0.0623942 0.5561780
vt 0.0614281 0.5469943
vt 0.0623942 0.5561780
vt 0.0610528 0.5562925
vt 0.0393545 0.5946919
vt 0.0413510 0.5949594
vt 0.0394579 0.6042868
vt 0.0393545 0.5946919
vt 0.0394579 0.6042868
vt 0.0381032 0.6041053
vt 0.0299763 0.5971063
vt 0.0320426 0.5970503
vt 0.0331229 0.6063586
vt 0.0299763 0.5971063
vt 0.0331229 0.6063586
vt 0.0317210 0.6063966
vt 0.0644792 0.5468284
vt 0.0664567 0.5469953
vt 0.0668403 0.5562932
vt 0.0644792 0.5468284
vt 0.0668403 0.5562932
vt 0.0654986 0.5561800
vt 0.0593507 0.5471215
vt 0.0614281 0.5469943
vt 0.0610528 0.5562925
vt 0.0593507 0.5471215
vt 0.0610528 0.5562925
vt 0.0596433 0.5563788
vt 0.0372833 0.5948613
vt 0.0393545 0.5946919
vt 0.0381032 0.6041053
vt 0.0372833 0.5948613
vt 0.0381032 0.6041053
vt 0.0366980 0.6042202
vt 0.0320426 0.5970503
vt 0.0340451 0.5970636
vt 0.0344816 0.6063676
vt 0.0320426 0.5970503
vt 0.0344816 0.6063676
vt 0.0331229 0.6063586
vt 0.0664567 0.5469953
vt 0.0685340 0.5471207
vt 0.0682498 0.5563782
vt 0.0664567 0.5469953
vt 0.0682498 0.5563782
vt 0.0668403 0.5562932
vt 0.0331229 0.6063586
vt 0.0344816 0.6063676
vt 0.0340017 0.6113384
vt 0.0331229 0.6063586
vt 0.0340017 0.6113384
vt 0.0335467 0.6113353
vt 0.0668403 0.5562932
vt 0.0682498 0.5563782
vt 0.0674472 0.5612316
vt 0.0668403 0.5562932
vt 0.0674472 0.5612316
vt 0.0669752 0.5612031
vt 0.0610528 0.5562925
vt 0.0623942 0.5561780
vt 0.0613713 0.5611641
vt 0.0610528 0.5562925
vt 0.0613713 0.5611641
vt 0.0609220 0.5612025
vt 0.0381032 0.6041053
vt 0.0394579 0.6042868
vt 0.0379863 0.6093491
vt 0.0381032 0.6041053
vt 0.0379863 0.6093491
vt 0.0375326 0.6092883
vt 0.0317210 0.6063966
vt 0.0331229 0.6063586
vt 0.0335467 0.6113353
vt 0.0317210 0.6063966
vt 0.0335467 0.6113353
vt 0.0330772 0.6113480
vt 0.0654986 0.5561800
vt 0.0668403 0.5562932
vt 0.0669752 0.5612031
vt 0.0654986 0.5561800
vt 0.0669752 0.5612031
vt 0.0665258 0.5611652
vt 0.0596433 0.5563788
vt 0.0610528 0.5562925
vt 0.0609220 0.5612025
vt 0.0596433 0.5563788
vt 0.0609220 0.5612025
vt 0.0604500 0.5612314
vt 0.0366980 0.6042202
vt 0.0381032 0.6041053
vt 0.0375326 0.6092883
vt 0.0366980 0.6042202
vt 0.0375326 0.6092883
vt 0.0370620 0.6093268
vt 0.0685340 0.5471207
vt 0.0664567 0.5469953
vt 0.0665141 0.5367045
vt 0.0685340 0.5471207
vt 0.0665141 0.5367045
vt 0.0687867 0.5368262
vt 0.0634051 0.5468256
vt 0.0614281 0.5469943
vt 0.0613615 0.5367035
vt 0.0634051 0.5468256
vt 0.0613615 0.5367035
vt 0.0639416 0.5365242
vt 0.0664567 0.5469953
vt 0.0644792 0.5468284
vt 0.0639416 0.5365258
vt 0.0664567 0.5469953
vt 0.0639416 0.5365258
vt 0.0665141 0.5367045
vt 0.0614281 0.5469943
vt 0.0593507 0.5471215
vt 0.0590886 0.5368272
vt 0.0614281 0.5469943
vt 0.0590886 0.5368272
vt 0.0613615 0.5367035
vt 0.0746014 0.5343888
vt 0.0735815 0.5325536
vt 0.0746014 0.5303188
vt 0.0731200 0.5326027
vt 0.0746014 0.5303188
vt 0.0735815 0.5325536
vt 0.0691794 0.5612416
vt 0.0706028 0.5613575
vt 0.0706028 0.5710315
vt 0.0691794 0.5612416
vt 0.0706028 0.5710315
vt 0.0694819 0.5709402
vt 0.0669155 0.5671863
vt 0.0647450 0.5709412
vt 0.0639416 0.5612465
vt 0.0741411 0.5284842
vt 0.0731200 0.5303188
vt 0.0731200 0.5262474
vt 0.0691794 0.5612416
vt 0.0669155 0.5671863
vt 0.0666820 0.5671673
vt 0.0691794 0.5612416
vt 0.0666820 0.5671673
vt 0.0687429 0.5612316
vt 0.0693551 0.5542194
vt 0.0693551 0.5609961
vt 0.0689485 0.5608322
vt 0.0693551 0.5542194
vt 0.0689485 0.5608322
vt 0.0690948 0.5542103
vt 0.0746190 0.5285427
vt 0.0741411 0.5284842
vt 0.0731200 0.5262474
vt 0.0436298 0.5766776
vt 0.0472806 0.5766555
vt 0.0465925 0.5863128
vt 0.0436298 0.5766776
vt 0.0465925 0.5863128
vt 0.0433095 0.5863358
vt 0.0689485 0.5267355
vt 0.0704592 0.5262474
vt 0.0704592 0.5358832
vt 0.0689485 0.5267355
vt 0.0704592 0.5358832
vt 0.0692696 0.5362676
vt 0.0669155 0.5671863
vt 0.0694819 0.5709402
vt 0.0671134 0.5709407
vt 0.0549662 0.5766513
vt 0.0586023 0.5766775
vt 0.0589228 0.5863357
vt 0.0549662 0.5766513
vt 0.0589228 0.5863357
vt 0.0556402 0.5863127
vt 0.0669155 0.5671863
vt 0.0671134 0.5709407
vt 0.0647450 0.5709412
vt 0.0669155 0.5671863
vt 0.0691794 0.5612416
vt 0.0694819 0.5709402
vt 0.0400792 0.5743598
vt 0.0433095 0.5747350
vt 0.0423302 0.5848472
vt 0.0400792 0.5743598
vt 0.0423302 0.5848472
vt 0.0397168 0.5845258
vt 0.0314963 0.5764422
vt 0.0357447 0.5764336
vt 0.0351591 0.5867355
vt 0.0314963 0.5764422
vt 0.0351591 0.5867355
vt 0.0317694 0.5867463
vt 0.0357447 0.5744852
vt 0.0400792 0.5743598
vt 0.0397168 0.5845258
vt 0.0357447 0.5744852
vt 0.0397168 0.5845258
vt 0.0362713 0.5846013
vt 0.0281713 0.5765235
vt 0.0314963 0.5764422
vt 0.0317694 0.5867463
vt 0.0281713 0.5765235
vt 0.0317694 0.5867463
vt 0.0290738 0.5868150
vt 0.0709218 0.5324039
vt 0.0713844 0.5325956
vt 0.0709219 0.5330586
vt 0.0715760 0.5330582
vt 0.0713844 0.5335208
vt 0.0709219 0.5330586
vt 0.0709218 0.5337124
vt 0.0704592 0.5335208
vt 0.0709219 0.5330586
vt 0.0375326 0.6092883
vt 0.0379863 0.6093491
vt 0.0374967 0.6099699
vt 0.0704592 0.5325956
vt 0.0709218 0.5324039
vt 0.0709219 0.5330586
vt 0.0713844 0.5325956
vt 0.0715760 0.5330582
vt 0.0709219 0.5330586
vt 0.0713844 0.5335208
vt 0.0709218 0.5337124
vt 0.0709219 0.5330586
vt 0.0370620 0.6093268
vt 0.0375326 0.6092883
vt 0.0374967 0.6099699
vt 0.0712454 0.5451467
vt 0.0689485 0.5452520
vt 0.0689485 0.5364780
vt 0.0712454 0.5451467
vt 0.0689485 0.5364780
vt 0.0712454 0.5363728
vt 0.0598731 0.5701219
vt 0.0589228 0.5700105
vt 0.0589228 0.5612314
vt 0.0598731 0.5701219
vt 0.0589228 0.5612314
vt 0.0598731 0.5613428
vt 0.0707686 0.5543578
vt 0.0695144 0.5574362
vt 0.0693551 0.5574362
vt 0.0707686 0.5543578
vt 0.0693551 0.5574362
vt 0.0706694 0.5542103
vt 0.0695144 0.5574362
vt 0.0707686 0.5605145
vt 0.0706694 0.5606620
vt 0.0695144 0.5574362
vt 0.0706694 0.5606620
vt 0.0693551 0.5574362
vt 0.0707686 0.5605145
vt 0.0721752 0.5605145
vt 0.0723228 0.5606620
vt 0.0707686 0.5605145
vt 0.0723228 0.5606620
vt 0.0706694 0.5606620
vt 0.0721752 0.5605145
vt 0.0721752 0.5574362
vt 0.0723228 0.5574362
vt 0.0721752 0.5605145
vt 0.0723228 0.5574362
vt 0.0723228 0.5606620
vt 0.0721752 0.5574362
vt 0.0721752 0.5543578
vt 0.0723228 0.5542103
vt 0.0721752 0.5574362
vt 0.0723228 0.5542103
vt 0.0723228 0.5574362
vt 0.0721752 0.5543578
vt 0.0707686 0.5543578
vt 0.0706694 0.5542103
vt 0.0721752 0.5543578
vt 0.0706694 0.5542103
vt 0.0723228 0.5542103
vt 0.0665529 0.0605758
vt 0.0692138 0.0605758
vt 0.0692138 0.0636540
vt 0.0665529 0.0605758
vt 0.0692138 0.0636540
vt 0.0678071 0.0636540
vt 0.0678071 0.0574975
vt 0.0692138 0.0574975
vt 0.0692138 0.0605758
vt 0.0678071 0.0574975
vt 0.0692138 0.0605758
vt 0.0665529 0.0605758
vt 0.0719768 0.5542103
vt 0.0689485 0.5540856
vt 0.0689485 0.5454571
vt 0.0719768 0.5542103
vt 0.0689485 0.5454571
vt 0.0719768 0.5455819
vt 0.0735423 0.5450416
vt 0.0712454 0.5451467
vt 0.0712454 0.5363728
vt 0.0735423 0.5450416
vt 0.0712454 0.5363728
vt 0.0735423 0.5362676
vt 0.0729879 0.5538803
vt 0.0719768 0.5542103
vt 0.0719768 0.5455819
vt 0.0729879 0.5538803
vt 0.0719768 0.5455819
vt 0.0729879 0.5452519
vt 0.0629789 0.5703011
vt 0.0598731 0.5701219
vt 0.0598731 0.5613428
vt 0.0629789 0.5703011
vt 0.0598731 0.5613428
vt 0.0629789 0.5615221
vt 0.1143112 0.5790572
vt 0.1143112 0.5468782
vt 0.1143112 0.5468782
vt 0.1143112 0.5790572
vt 0.1143112 0.5468782
vt 0.1143112 0.5790572
vt 0.0660427 0.5468782
vt 0.0499532 0.5468782
vt 0.0499532 0.5468782
vt 0.0660427 0.5468782
vt 0.0499532 0.5468782
vt 0.0660427 0.5468782
vt 0.0660427 0.5468782
vt 0.0821322 0.5468782
vt 0.0821322 0.5468782
vt 0.0660427 0.5468782
vt 0.0821322 0.5468782
vt 0.0660427 0.5468782
vt 0.0338638 0.5790572
vt 0.0499532 0.5790572
vt 0.0499532 0.5790572
vt 0.0338638 0.5790572
vt 0.0499532 0.5790572
vt 0.0338638 0.5790572
vt 0.0338638 0.5468782
vt 0.0499532 0.5468782
vt 0.0499532 0.5790572
vt 0.0338638 0.5468782
vt 0.0499532 0.5790572
vt 0.0338638 0.5790572
vt 0.0982217 0.5468782
vt 0.1143112 0.5468782
vt 0.1143112 0.5790572
vt 0.0982217 0.5468782
vt 0.1143112 0.5790572
vt 0.0982217 0.5790572
vt 0.0660427 0.5307887
vt 0.0821322 0.5307887
vt 0.0821322 0.5468782
vt 0.0660427 0.5307887
vt 0.0821322 0.5468782
vt 0.0660427 0.5468782
vt 0.0338638 0.5468782
vt 0.0177743 0.5468782
vt 0.0177743 0.5468782
vt 0.0338638 0.5468782
vt 0.0177743 0.5468782
vt 0.0338638 0.5468782
vt 0.0982217 0.5468782
vt 0.0821322 0.5468782
vt 0.0821322 0.5468782
vt 0.0982217 0.5468782
vt 0.0821322 0.5468782
vt 0.0982217 0.5468782
vt 0.0660427 0.5146993
vt 0.0821322 0.5146993
vt 0.0821322 0.5146993
vt 0.0660427 0.5146993
vt 0.0821322 0.5146993
vt 0.0660427 0.5146993
vt 0.1143112 0.5468782
vt 0.0982217 0.5468782
vt 0.0982217 0.5468782
vt 0.1143112 0.5468782
vt 0.0982217 0.5468782
vt 0.1143112 0.5468782
vt 0.0499532 0.5468782
vt 0.0338638 0.5468782
vt 0.0338638 0.5468782
vt 0.0499532 0.5468782
vt 0.0338638 0.5468782
vt 0.0499532 0.5468782
vt 0.0660427 0.5146993
vt 0.0821322 0.5146993
vt 0.0821322 0.5307887
vt 0.0660427 0.5146993
vt 0.0821322 0.5307887
vt 0.0660427 0.5307887
vt 0.0821322 0.5468782
vt 0.0982217 0.5468782
vt 0.0982217 0.5790572
vt 0.0821322 0.5468782
vt 0.0982217 0.5790572
vt 0.0821322 0.5790572
vt 0.0177743 0.5468782
vt 0.0338638 0.5468782
vt 0.0338638 0.5790572
vt 0.0177743 0.5468782
vt 0.0338638 0.5790572
vt 0.0177743 0.5790572
vt 0.0821322 0.6112362
vt 0.0660427 0.6112362
vt 0.0660427 0.6112362
vt 0.0821322 0.6112362
vt 0.0660427 0.6112362
vt 0.0821322 0.6112362
vt 0.0660427 0.5146993
vt 0.0499532 0.5146993
vt 0.0821322 0.5146993
vt 0.0177743 0.5468782
vt 0.0177743 0.5790572
vt 0.0177743 0.5790572
vt 0.0177743 0.5468782
vt 0.0177743 0.5790572
vt 0.0177743 0.5468782
vt 0.0660427 0.5146993
vt 0.0499532 0.5146993
vt 0.0499532 0.5146993
vt 0.0660427 0.5146993
vt 0.0499532 0.5146993
vt 0.0660427 0.5146993
vt 0.0177743 0.5790572
vt 0.0177743 0.5790572
vt 0.0177743 0.5790572
vt 0.0499532 0.5790572
vt 0.0821322 0.5790572
vt 0.0660427 0.5790572
vt 0.0660427 0.6112362
vt 0.0821322 0.6112362
vt 0.0499532 0.6112362
vt 0.0499532 0.5790572
vt 0.0499532 0.5468782
vt 0.0499532 0.5468782
vt 0.0499532 0.5790572
vt 0.0499532 0.5468782
vt 0.0499532 0.5790572
vt 0.0821322 0.5468782
vt 0.0821322 0.5790572
vt 0.0821322 0.5790572
vt 0.0821322 0.5468782
vt 0.0821322 0.5790572
vt 0.0821322 0.5468782
vt 0.0660427 0.6112362
vt 0.0821322 0.6112362
vt 0.0821322 0.6112362
vt 0.0660427 0.6112362
vt 0.0821322 0.6112362
vt 0.0660427 0.6112362
vt 0.0660427 0.5146993
vt 0.0499532 0.5146993
vt 0.0499532 0.5146993
vt 0.0660427 0.5146993
vt 0.0499532 0.5146993
vt 0.0660427 0.5146993
vt 0.0177743 0.5468782
vt 0.0177743 0.5790572
vt 0.0177743 0.5790572
vt 0.0177743 0.5468782
vt 0.0177743 0.5790572
vt 0.0177743 0.5468782
vt 0.1143112 0.5790572
vt 0.1143112 0.5468782
vt 0.1143112 0.5468782
vt 0.1143112 0.5790572
vt 0.1143112 0.5468782
vt 0.1143112 0.5790572
vt 0.0821322 0.5468782
vt 0.0821322 0.5790572
vt 0.0821322 0.5790572
vt 0.0821322 0.5468782
vt 0.0821322 0.5790572
vt 0.0821322 0.5468782
vt 0.0499532 0.5790572
vt 0.0499532 0.5468782
vt 0.0499532 0.5468782
vt 0.0499532 0.5790572
vt 0.0499532 0.5468782
vt 0.0499532 0.5790572
vt 0.0660427 0.5468782
vt 0.0821322 0.5468782
vt 0.0821322 0.5468782
vt 0.0660427 0.5468782
vt 0.0821322 0.5468782
vt 0.0660427 0.5468782
vt 0.0499532 0.5468782
vt 0.0660427 0.5468782
vt 0.0660427 0.5468782
vt 0.0499532 0.5468782
vt 0.0660427 0.5468782
vt 0.0499532 0.5468782
vt 0.0821322 0.5790572
vt 0.0660427 0.5790572
vt 0.0660427 0.5790572
vt 0.0821322 0.5790572
vt 0.0660427 0.5790572
vt 0.0821322 0.5790572
vt 0.0821322 0.5146993
vt 0.0660427 0.5146993
vt 0.0660427 0.5146993
vt 0.0821322 0.5146993
vt 0.0660427 0.5146993
vt 0.0821322 0.5146993
vt 0.0499532 0.5790572
vt 0.0499532 0.5468782
vt 0.0821322 0.5468782
vt 0.0499532 0.5790572
vt 0.0821322 0.5468782
vt 0.0821322 0.5790572
vt 0.0660427 0.5468782
vt 0.0821322 0.5468782
vt 0.0499532 0.5468782
vt 0.0821322 0.5146993
vt 0.0660427 0.5146993
vt 0.0660427 0.5146993
vt 0.0821322 0.5146993
vt 0.0660427 0.5146993
vt 0.0821322 0.5146993
vt 0.0499532 0.5146993
vt 0.0177743 0.5790572
vt 0.1143112 0.5790572
vt 0.0499532 0.5146993
vt 0.1143112 0.5790572
vt 0.0821322 0.5146993
vt 0.0821322 0.5790572
vt 0.0982217 0.5790572
vt 0.0982217 0.5790572
vt 0.0821322 0.5790572
vt 0.0982217 0.5790572
vt 0.0821322 0.5790572
vt 0.0499532 0.5146993
vt 0.0660427 0.5146993
vt 0.0660427 0.5307887
vt 0.0499532 0.5146993
vt 0.0660427 0.5307887
vt 0.0499532 0.5307887
vt 0.0499532 0.5146993
vt 0.0660427 0.5146993
vt 0.0660427 0.5146993
vt 0.0499532 0.5146993
vt 0.0660427 0.5146993
vt 0.0499532 0.5146993
vt 0.0499532 0.5307887
vt 0.0660427 0.5307887
vt 0.0660427 0.5468782
vt 0.0499532 0.5307887
vt 0.0660427 0.5468782
vt 0.0499532 0.5468782
vt 0.0660427 0.5790572
vt 0.0821322 0.5790572
vt 0.0821322 0.5790572
vt 0.0660427 0.5790572
vt 0.0821322 0.5790572
vt 0.0660427 0.5790572
vt 0.0499532 0.5468782
vt 0.0660427 0.5468782
vt 0.0660427 0.5468782
vt 0.0499532 0.5468782
vt 0.0660427 0.5468782
vt 0.0499532 0.5468782
vt 0.0821322 0.5468782
vt 0.0660427 0.5468782
vt 0.0660427 0.5468782
vt 0.0821322 0.5468782
vt 0.0660427 0.5468782
vt 0.0821322 0.5468782
vt 0.0660427 0.6112362
vt 0.0821322 0.6112362
vt 0.0821322 0.6112362
vt 0.0660427 0.6112362
vt 0.0821322 0.6112362
vt 0.0660427 0.6112362
vt 0.0660427 0.5790572
vt 0.0499532 0.5790572
vt 0.0499532 0.5790572
vt 0.0660427 0.5790572
vt 0.0499532 0.5790572
vt 0.0660427 0.5790572
vt 0.0821322 0.5790572
vt 0.0660427 0.5790572
vt 0.0660427 0.5790572
vt 0.0821322 0.5790572
vt 0.0660427 0.5790572
vt 0.0821322 0.5790572
vt 0.0499532 0.6112362
vt 0.0660427 0.6112362
vt 0.0660427 0.6112362
vt 0.0499532 0.6112362
vt 0.0660427 0.6112362
vt 0.0499532 0.6112362
vt 0.0821322 0.5790572
vt 0.0499532 0.5790572
vt 0.0660427 0.5790572
vt 0.0499532 0.6112362
vt 0.0177743 0.5790572
vt 0.1143112 0.5790572
vt 0.0499532 0.6112362
vt 0.1143112 0.5790572
vt 0.0821322 0.6112362
vt 0.0660427 0.6112362
vt 0.0499532 0.6112362
vt 0.0821322 0.6112362
vt 0.0821322 0.5790572
vt 0.0821322 0.5790572
vt 0.0821322 0.5790572
vt 0.1143112 0.5790572
vt 0.1143112 0.5790572
vt 0.1143112 0.5790572
vt 0.0499532 0.5790572
vt 0.0499532 0.5790572
vt 0.0499532 0.5790572
vt 0.0821322 0.5790572
vt 0.0821322 0.5790572
vt 0.0499532 0.5790572
vt 0.0821322 0.5790572
vt 0.0499532 0.5790572
vt 0.0499532 0.5790572
vt 0.0660427 0.5951467
vt 0.0821322 0.5951467
vt 0.0821322 0.5951467
vt 0.0660427 0.5951467
vt 0.0821322 0.5951467
vt 0.0660427 0.5951467
vt 0.0338638 0.5790572
vt 0.0499532 0.5790572
vt 0.0499532 0.5790572
vt 0.0338638 0.5790572
vt 0.0499532 0.5790572
vt 0.0338638 0.5790572
vt 0.0177743 0.5790572
vt 0.0338638 0.5790572
vt 0.0338638 0.5790572
vt 0.0177743 0.5790572
vt 0.0338638 0.5790572
vt 0.0177743 0.5790572
vt 0.0982217 0.5790572
vt 0.1143112 0.5790572
vt 0.1143112 0.5790572
vt 0.0982217 0.5790572
vt 0.1143112 0.5790572
vt 0.0982217 0.5790572
vt 0.0565794 0.5159823
vt 0.0746640 0.5159823
vt 0.0746640 0.5400952
vt 0.0565794 0.5159823
vt 0.0746640 0.5400952
vt 0.0565794 0.5400952
vt 0.0565794 0.5521516
vt 0.0746640 0.5521516
vt 0.0746640 0.5642080
vt 0.0565794 0.5521516
vt 0.0746640 0.5642080
vt 0.0565794 0.5642080
vt 0.0565794 0.5642080
vt 0.0746640 0.5642080
vt 0.0746640 0.5883209
vt 0.0565794 0.5642080
vt 0.0746640 0.5883209
vt 0.0565794 0.5883209
vt 0.0565794 0.5883209
vt 0.0746640 0.5883209
vt 0.0746640 0.5883209
vt 0.0565794 0.5883209
vt 0.0746640 0.5883209
vt 0.0565794 0.5883209
vt 0.0384947 0.5642080
vt 0.0505512 0.5642080
vt 0.0505512 0.5883209
vt 0.0384947 0.5642080
vt 0.0505512 0.5883209
vt 0.0384947 0.5883209
vt 0.0867205 0.5642080
vt 0.0987769 0.5642080
vt 0.0987769 0.5883209
vt 0.0867205 0.5642080
vt 0.0987769 0.5883209
vt 0.0867205 0.5883209
vt 0.0505512 0.6003774
vt 0.0565794 0.6003774
vt 0.0565794 0.6124338
vt 0.0505512 0.6003774
vt 0.0565794 0.6124338
vt 0.0505512 0.6124338
vt 0.0505512 0.5642080
vt 0.0565794 0.5642080
vt 0.0565794 0.5883209
vt 0.0505512 0.5642080
vt 0.0565794 0.5883209
vt 0.0505512 0.5883209
vt 0.0505512 0.5521516
vt 0.0565794 0.5521516
vt 0.0565794 0.5642080
vt 0.0505512 0.5521516
vt 0.0565794 0.5642080
vt 0.0505512 0.5642080
vt 0.0505512 0.5159823
vt 0.0565794 0.5159823
vt 0.0565794 0.5400952
vt 0.0505512 0.5159823
vt 0.0565794 0.5400952
vt 0.0505512 0.5400952
vt 0.0565794 0.6003774
vt 0.0746640 0.6003774
vt 0.0746640 0.6124338
vt 0.0565794 0.6003774
vt 0.0746640 0.6124338
vt 0.0565794 0.6124338
vt 0.0867205 0.5883209
vt 0.0987769 0.5883209
vt 0.0987769 0.5883209
vt 0.0867205 0.5883209
vt 0.0987769 0.5883209
vt 0.0867205 0.5883209
vt 0.0565794 0.6003774
vt 0.0565794 0.5883209
vt 0.0565794 0.5883209
vt 0.0565794 0.6003774
vt 0.0565794 0.5883209
vt 0.0565794 0.6003774
vt 0.0746640 0.5159823
vt 0.0565794 0.5159823
vt 0.0565794 0.5159823
vt 0.0746640 0.5159823
vt 0.0565794 0.5159823
vt 0.0746640 0.5159823
vt 0.0565794 0.6124338
vt 0.0565794 0.6003774
vt 0.0565794 0.6003774
vt 0.0565794 0.6124338
vt 0.0565794 0.6003774
vt 0.0565794 0.6124338
vt 0.0746640 0.5883209
vt 0.0867205 0.5883209
vt 0.0867205 0.5883209
vt 0.0746640 0.5883209
vt 0.0867205 0.5883209
vt 0.0746640 0.5883209
vt 0.0565794 0.5883209
vt 0.0746640 0.5883209
vt 0.0746640 0.6003774
vt 0.0565794 0.5883209
vt 0.0746640 0.6003774
vt 0.0565794 0.6003774
vt 0.0505512 0.5400952
vt 0.0565794 0.5400952
vt 0.0565794 0.5521516
vt 0.0505512 0.5400952
vt 0.0565794 0.5521516
vt 0.0505512 0.5521516
vt 0.0505512 0.5883209
vt 0.0565794 0.5883209
vt 0.0565794 0.6003774
vt 0.0505512 0.5883209
vt 0.0565794 0.6003774
vt 0.0505512 0.6003774
vt 0.0746640 0.5642080
vt 0.0867205 0.5642080
vt 0.0867205 0.5883209
vt 0.0746640 0.5642080
vt 0.0867205 0.5883209
vt 0.0746640 0.5883209
vt 0.0264383 0.5642080
vt 0.0384947 0.5642080
vt 0.0384947 0.5883209
vt 0.0264383 0.5642080
vt 0.0384947 0.5883209
vt 0.0264383 0.5883209
vt 0.0565794 0.5400952
vt 0.0746640 0.5400952
vt 0.0746640 0.5521516
vt 0.0565794 0.5400952
vt 0.0746640 0.5521516
vt 0.0565794 0.5521516
vt 0.0505512 0.5159823
vt 0.0746640 0.5159823
vt 0.0746640 0.5400952
vt 0.0505512 0.5159823
vt 0.0746640 0.5400952
vt 0.0505512 0.5400952
vt 0.0746640 0.5642080
vt 0.0505512 0.5642080
vt 0.0505512 0.5642080
vt 0.0746640 0.5642080
vt 0.0505512 0.5642080
vt 0.0746640 0.5642080
vt 0.0505512 0.5642080
vt 0.0746640 0.5642080
vt 0.0746640 0.5883209
vt 0.0505512 0.5642080
vt 0.0746640 0.5883209
vt 0.0505512 0.5883209
vt 0.0505512 0.5883209
vt 0.0746640 0.5883209
vt 0.0746640 0.6124338
vt 0.0505512 0.5883209
vt 0.0746640 0.6124338
vt 0.0505512 0.6124338
vt 0.0264383 0.5642080
vt 0.0505512 0.5642080
vt 0.0505512 0.5883209
vt 0.0264383 0.5642080
vt 0.0505512 0.5883209
vt 0.0264383 0.5883209
vt 0.0746640 0.5400952
vt 0.0746640 0.5159823
vt 0.0746640 0.5159823
vt 0.0746640 0.5400952
vt 0.0746640 0.5159823
vt 0.0746640 0.5400952
vt 0.0505512 0.5642080
vt 0.0264383 0.5642080
vt 0.0505512 0.5642080
vt 0.0746640 0.5883209
vt 0.0746640 0.5642080
vt 0.0746640 0.5642080
vt 0.0746640 0.5883209
vt 0.0746640 0.5642080
vt 0.0746640 0.5883209
vt 0.0505512 0.5400952
vt 0.0746640 0.5400952
vt 0.0746640 0.5400952
vt 0.0505512 0.5400952
vt 0.0746640 0.5400952
vt 0.0505512 0.5400952
vt 0.0746640 0.5642080
vt 0.0987769 0.5642080
vt 0.0987769 0.5883209
vt 0.0746640 0.5642080
vt 0.0987769 0.5883209
vt 0.0746640 0.5883209
vt 0.0987769 0.5642080
vt 0.0746640 0.5642080
vt 0.0987769 0.5642080
vt 0.0746640 0.5159823
vt 0.0746640 0.5159823
vt 0.0746640 0.5159823
vt 0.0746640 0.5159823
vt 0.0746640 0.5159823
vt 0.0746640 0.5159823
vt 0.0746640 0.5400952
vt 0.0746640 0.5400952
vt 0.0746640 0.5400952
vt 0.0746640 0.5400952
vt 0.0746640 0.5400952
vt 0.0746640 0.5400952
vt 0.0746640 0.5642080
vt 0.0746640 0.5642080
vt 0.0746640 0.5642080
vt 0.0746640 0.5642080
vt 0.0746640 0.5642080
vt 0.0746640 0.5642080
vt 0.0746640 0.6124338
vt 0.0746640 0.5883209
vt 0.0746640 0.5883209
vt 0.0746640 0.6124338
vt 0.0746640 0.5883209
vt 0.0746640 0.6124338
vt 0.0746640 0.6124338
vt 0.0746640 0.5883209
vt 0.0746640 0.5883209
vt 0.0746640 0.6124338
vt 0.0746640 0.5883209
vt 0.0746640 0.6124338
vt 0.0746640 0.5883209
vt 0.0987769 0.5883209
vt 0.0987769 0.5883209
vt 0.0746640 0.5883209
vt 0.0987769 0.5883209
vt 0.0746640 0.5883209
vt 0.0746640 0.5883209
vt 0.0746640 0.5883209
vt 0.0746640 0.5883209
vt 0.0746640 0.5883209
vt 0.0746640 0.5883209
vt 0.0746640 0.5883209
vt 0.0660427 0.5790572
vt 0.0821322 0.5790572
vt 0.0821322 0.5790572
vt 0.0660427 0.5790572
vt 0.0821322 0.5790572
vt 0.0660427 0.5790572
vt 0.0821322 0.5790572
vt 0.0982217 0.5790572
vt 0.0982217 0.5790572
vt 0.0821322 0.5790572
vt 0.0982217 0.5790572
vt 0.0821322 0.5790572
vt 0.0821322 0.5951467
vt 0.0660427 0.5951467
vt 0.0660427 0.5951467
vt 0.0821322 0.5951467
vt 0.0660427 0.5951467
vt 0.0821322 0.5951467
vt 0.0177743 0.5790572
vt 0.0338638 0.5790572
vt 0.0338638 0.5790572
vt 0.0177743 0.5790572
vt 0.0338638 0.5790572
vt 0.0177743 0.5790572
vt 0.0982217 0.5790572
vt 0.1143112 0.5790572
vt 0.1143112 0.5790572
vt 0.0982217 0.5790572
vt 0.1143112 0.5790572
vt 0.0982217 0.5790572
vt 0.0821322 0.6112362
vt 0.0660427 0.6112362
vt 0.0660427 0.6112362
vt 0.0821322 0.6112362
vt 0.0660427 0.6112362
vt 0.0821322 0.6112362
vt 0.0821322 0.5951467
vt 0.0660427 0.5951467
vt 0.0499532 0.5790572
vt 0.0821322 0.5951467
vt 0.0499532 0.5790572
vt 0.0821322 0.5790572
vt 0.0821322 0.6112362
vt 0.0660427 0.6112362
vt 0.0338638 0.5790572
vt 0.0821322 0.6112362
vt 0.0338638 0.5790572
vt 0.0821322 0.5951467
vt 0.0495587 0.5346096
vt 0.0504796 0.5401317
vt 0.0466044 0.5402198
vt 0.0495587 0.5346096
vt 0.0466044 0.5402198
vt 0.0465095 0.5347046
vt 0.0589228 0.5347274
vt 0.0588278 0.5402426
vt 0.0556283 0.5402195
vt 0.0589228 0.5347274
vt 0.0556283 0.5402195
vt 0.0557232 0.5347043
vt 0.0344271 0.5345579
vt 0.0353058 0.5400309
vt 0.0314147 0.5400508
vt 0.0344271 0.5345579
vt 0.0314147 0.5400508
vt 0.0313483 0.5345375
vt 0.0402398 0.5339385
vt 0.0401677 0.5392666
vt 0.0362368 0.5393057
vt 0.0402398 0.5339385
vt 0.0362368 0.5393057
vt 0.0370554 0.5341989
vt 0.0465095 0.5347046
vt 0.0466044 0.5402198
vt 0.0434044 0.5402427
vt 0.0465095 0.5347046
vt 0.0434044 0.5402427
vt 0.0433095 0.5347276
vt 0.0557232 0.5347043
vt 0.0556283 0.5402195
vt 0.0517514 0.5401316
vt 0.0557232 0.5347043
vt 0.0517514 0.5401316
vt 0.0526735 0.5346095
vt 0.0313483 0.5345375
vt 0.0314147 0.5400508
vt 0.0282378 0.5401369
vt 0.0313483 0.5345375
vt 0.0282378 0.5401369
vt 0.0281713 0.5346236
vt 0.0433095 0.5343499
vt 0.0432374 0.5396780
vt 0.0401677 0.5392666
vt 0.0433095 0.5343499
vt 0.0401677 0.5392666
vt 0.0402398 0.5339385
vt 0.0281715 0.9369875
vt 0.0326435 0.9447334
vt 0.0236994 0.9447334
vt 0.0371156 0.9524793
vt 0.0415877 0.9447334
vt 0.0460597 0.9524793
vt 0.0997244 0.9369875
vt 0.1041965 0.9447334
vt 0.0952524 0.9447334
vt 0.0818362 0.9369875
vt 0.0863082 0.9447334
vt 0.0773641 0.9447334
vt 0.0639480 0.9369875
vt 0.0684200 0.9447334
vt 0.0594759 0.9447334
vt 0.0371156 0.9524793
vt 0.0460597 0.9524793
vt 0.0415877 0.9602252
vt 0.0192274 0.9524793
vt 0.0281715 0.9524793
vt 0.0236994 0.9602252
vt 0.0907803 0.9524793
vt 0.0997244 0.9524793
vt 0.0952524 0.9602252
vt 0.0728921 0.9524793
vt 0.0818362 0.9524793
vt 0.0773641 0.9602252
vt 0.0550038 0.9524793
vt 0.0639480 0.9524793
vt 0.0594759 0.9602252
vt 0.0371156 0.9524793
vt 0.0415877 0.9602252
vt 0.0326435 0.9602252
vt 0.0192274 0.9524793
vt 0.0236994 0.9602252
vt 0.0147553 0.9602252
vt 0.0907803 0.9524793
vt 0.0952524 0.9602252
vt 0.0863082 0.9602252
vt 0.0728921 0.9524793
vt 0.0773641 0.9602252
vt 0.0684200 0.9602252
vt 0.0550038 0.9524793
vt 0.0594759 0.9602252
vt 0.0505318 0.9602252
vt 0.0281715 0.9679711
vt 0.0371156 0.9679711
vt 0.0326435 0.9757170
vt 0.0102832 0.9679711
vt 0.0192273 0.9679711
vt 0.0147553 0.9757170
vt 0.0818362 0.9679711
vt 0.0907803 0.9679711
vt 0.0863082 0.9757170
vt 0.0639480 0.9679711
vt 0.0728921 0.9679711
vt 0.0684200 0.9757170
vt 0.0460597 0.9679711
vt 0.0550038 0.9679711
vt 0.0505318 0.9757170
vt 0.0505318 0.9757170
vt 0.0594759 0.9757170
vt 0.0550038 0.9834630
vt 0.0505318 0.9757170
vt 0.0550038 0.9679711
vt 0.0594759 0.9757170
vt 0.0550038 0.9679711
vt 0.0639480 0.9679711
vt 0.0594759 0.9757170
vt 0.0684200 0.9757170
vt 0.0773641 0.9757170
vt 0.0728921 0.9834630
vt 0.0684200 0.9757170
vt 0.0728921 0.9679711
vt 0.0773641 0.9757170
vt 0.0728921 0.9679711
vt 0.0818362 0.9679711
vt 0.0773641 0.9757170
vt 0.0863082 0.9757170
vt 0.0952524 0.9757170
vt 0.0907803 0.9834630
vt 0.0863082 0.9757170
vt 0.0907803 0.9679711
vt 0.0952524 0.9757170
vt 0.0907803 0.9679711
vt 0.0997244 0.9679711
vt 0.0952524 0.9757170
vt 0.0147553 0.9757170
vt 0.0236994 0.9757170
vt 0.0192274 0.9834630
vt 0.0147553 0.9757170
vt 0.0192273 0.9679711
vt 0.0236994 0.9757170
vt 0.0192273 0.9679711
vt 0.0281715 0.9679711
vt 0.0236994 0.9757170
vt 0.0326435 0.9757170
vt 0.0415877 0.9757170
vt 0.0371156 0.9834630
vt 0.0326435 0.9757170
vt 0.0371156 0.9679711
vt 0.0415877 0.9757170
vt 0.0371156 0.9679711
vt 0.0460597 0.9679711
vt 0.0415877 0.9757170
vt 0.0505318 0.9602252
vt 0.0550038 0.9679711
vt 0.0460597 0.9679711
vt 0.0505318 0.9602252
vt 0.0594759 0.9602252
vt 0.0550038 0.9679711
vt 0.0594759 0.9602252
vt 0.0639480 0.9679711
vt 0.0550038 0.9679711
vt 0.0684200 0.9602252
vt 0.0728921 0.9679711
vt 0.0639480 0.9679711
vt 0.0684200 0.9602252
vt 0.0773641 0.9602252
vt 0.0728921 0.9679711
vt 0.0773641 0.9602252
vt 0.0818362 0.9679711
vt 0.0728921 0.9679711
vt 0.0863082 0.9602252
vt 0.0907803 0.9679711
vt 0.0818362 0.9679711
vt 0.0863082 0.9602252
vt 0.0952524 0.9602252
vt 0.0907803 0.9679711
vt 0.0952524 0.9602252
vt 0.0997244 0.9679711
vt 0.0907803 0.9679711
vt 0.0147553 0.9602252
vt 0.0192273 0.9679711
vt 0.0102832 0.9679711
vt 0.0147553 0.9602252
vt 0.0236994 0.9602252
vt 0.0192273 0.9679711
vt 0.0236994 0.9602252
vt 0.0281715 0.9679711
vt 0.0192273 0.9679711
vt 0.0326435 0.9602252
vt 0.0371156 0.9679711
vt 0.0281715 0.9679711
vt 0.0326435 0.9602252
vt 0.0415877 0.9602252
vt 0.0371156 0.9679711
vt 0.0415877 0.9602252
vt 0.0460597 0.9679711
vt 0.0371156 0.9679711
vt 0.0594759 0.9602252
vt 0.0684200 0.9602252
vt 0.0639480 0.9679711
vt 0.0594759 0.9602252
vt 0.0639480 0.9524793
vt 0.0684200 0.9602252
vt 0.0639480 0.9524793
vt 0.0728921 0.9524793
vt 0.0684200 0.9602252
vt 0.0773641 0.9602252
vt 0.0863082 0.9602252
vt 0.0818362 0.9679711
vt 0.0773641 0.9602252
vt 0.0818362 0.9524793
vt 0.0863082 0.9602252
vt 0.0818362 0.9524793
vt 0.0907803 0.9524793
vt 0.0863082 0.9602252
vt 0.0952524 0.9602252
vt 0.1041965 0.9602252
vt 0.0997244 0.9679711
vt 0.0952524 0.9602252
vt 0.0997244 0.9524793
vt 0.1041965 0.9602252
vt 0.0997244 0.9524793
vt 0.1086685 0.9524793
vt 0.1041965 0.9602252
vt 0.0236994 0.9602252
vt 0.0326435 0.9602252
vt 0.0281715 0.9679711
vt 0.0236994 0.9602252
vt 0.0281715 0.9524793
vt 0.0326435 0.9602252
vt 0.0281715 0.9524793
vt 0.0371156 0.9524793
vt 0.0326435 0.9602252
vt 0.0415877 0.9602252
vt 0.0505318 0.9602252
vt 0.0460597 0.9679711
vt 0.0415877 0.9602252
vt 0.0460597 0.9524793
vt 0.0505318 0.9602252
vt 0.0460597 0.9524793
vt 0.0550038 0.9524793
vt 0.0505318 0.9602252
vt 0.0594759 0.9447334
vt 0.0639480 0.9524793
vt 0.0550038 0.9524793
vt 0.0594759 0.9447334
vt 0.0684200 0.9447334
vt 0.0639480 0.9524793
vt 0.0684200 0.9447334
vt 0.0728921 0.9524793
vt 0.0639480 0.9524793
vt 0.0773641 0.9447334
vt 0.0818362 0.9524793
vt 0.0728921 0.9524793
vt 0.0773641 0.9447334
vt 0.0863082 0.9447334
vt 0.0818362 0.9524793
vt 0.0863082 0.9447334
vt 0.0907803 0.9524793
vt 0.0818362 0.9524793
vt 0.0952524 0.9447334
vt 0.0997244 0.9524793
vt 0.0907803 0.9524793
vt 0.0952524 0.9447334
vt 0.1041965 0.9447334
vt 0.0997244 0.9524793
vt 0.1041965 0.9447334
vt 0.1086685 0.9524793
vt 0.0997244 0.9524793
vt 0.0460597 0.9524793
vt 0.0505318 0.9447334
vt 0.0550038 0.9524793
vt 0.0460597 0.9524793
vt 0.0415877 0.9447334
vt 0.0505318 0.9447334
vt 0.0415877 0.9447334
vt 0.0460597 0.9369875
vt 0.0505318 0.9447334
vt 0.0236994 0.9447334
vt 0.0281715 0.9524793
vt 0.0192274 0.9524793
vt 0.0236994 0.9447334
vt 0.0326435 0.9447334
vt 0.0281715 0.9524793
vt 0.0326435 0.9447334
vt 0.0371156 0.9524793
vt 0.0281715 0.9524793
vn 0.0000000 1.0000000 0.0000000
vn 0.0000000 1.0000000 0.0000000
vn 0.0000000 1.0000000 0.0000000
vn 0.0000000 1.0000000 0.0000000
vn 0.0000000 1.0000000 0.0000000
vn 0.0000000 1.0000000 0.0000000
vn 0.0000000 1.0000000 0.0000000
vn 0.0000000 1.0000000 0.0000000
vn 0.0000000 1.0000000 0.0000000
vn 0.0000000 1.0000000 0.0000000
vn 0.0000000 1.0000000 0.0000000
vn 0.0000000 1.0000000 0.0000000
vn 0.0000000 1.0000000 0.0000000
vn 0.0000000 1.0000000 0.0000000
vn 0.0000000 1.0000000 0.0000000
vn 0.0000000 1.0000000 0.0000000
vn 0.0000000 1.0000000 0.0000000
vn 0.0000000 1.0000000 0.0000000
vn 0.0000000 1.0000000 0.0000000
vn 0.0000000 1.0000000 0.0000000
vn 0.0000000 1.0000000 0.0000000
vn 0.0000000 1.0000000 0.0000000
vn 0.0000000 1.0000000 0.0000000
vn 0.0000000 1.0000000 0.0000000
vn 0.0000000 1.0000000 0.0000000
vn 0.0000000 1.0000000 0.0000000
vn 0.0000000 1.0000000 0.0000000
vn 0.0000000 1.0000000 0.0000000
vn 0.0000000 1.0000000 0.0000000
vn 0.0000000 1.0000000 0.0000000
vn 0.0000000 1.0000000 0.0000000
vn 0.0000000 1.0000000 0.0000000
vn 0.0000000 1.0000000 0.0000000
vn 0.0000000 1.0000000 0.0000000
vn 0.0000000 1.0000000 0.0000000
vn 0.0000000 1.0000000 0.0000000
vn 0.0000000 1.0000000 0.0000000
vn 0.0000000 1.0000000 0.0000000
vn 0.0000000 1.0000000 0.0000000
vn 0.0000000 1.0000000 0.0000000
vn 0.0000000 1.0000000 0.0000000
vn 0.0000000 1.0000000 0.0000000
vn 0.0000000 1.0000000 0.0000000
vn 0.0000000 1.0000000 0.0000000
vn 0.0000000 1.0000000 0.0000000
vn 0.0000000 1.0000000 0.0000000
vn 0.0000000 1.0000000 0.0000000
vn 0.0000000 1.0000000 0.0000000
vn 0.0000000 1.0000000 0.0000000
vn 0.0000000 1.0000000 0.0000000
vn 0.0000000 1.0000000 0.0000000
vn 0.0000000 1.0000000 0.0000000
vn 0.0000000 1.0000000 0.0000000
vn 0.0000000 1.0000000 0.0000000
vn 0.0000000 1.0000000 0.0000000
vn 0.0000000 1.0000000 0.0000000
vn 0.0000000 1.0000000 0.0000000
vn 0.0000000 1.0000000 0.0000000
vn 0.0000000 1.0000000 0.0000000
vn 0.0000000 1.0000000 0.0000000
vn 0.0000000 1.0000000 0.0000000
vn 0.0000000 1.0000000 0.0000000
vn 0.0000000 1.0000000 0.0000000
vn 0.0000000 1.0000000 0.0000000
vn 0.0000000 1.0000000 0.0000000
vn 0.0000000 1.0000000 0.0000000
vn 0.0000000 1.0000000 0.0000000
vn 0.0000000 1.0000000 0.0000000
vn 0.0000000 1.0000000 0.0000000
vn 0.0000000 1.0000000 0.0000000
vn 0.0000000 1.0000000 0.0000000
vn 0.0000000 1.0000000 0.0000000
vn 0.0000000 1.0000000 0.0000000
vn 0.0000000 1.0000000 0.0000000
vn 0.0000000 1.0000000 0.0000000
vn 0.0000000 1.0000000 0.0000000
vn 0.0000000 1.0000000 0.0000000
vn 0.0000000 1.0000000 0.0000000
vn 0.0000000 1.0000000 0.0000000
vn 0.0000000 1.0000000 0.0000000
vn 0.0000000 1.0000000 0.0000000
vn 0.0000000 1.0000000 0.0000000
vn 0.0000000 1.0000000 0.0000000
vn 0.0000000 1.0000000 0.0000000
vn 0.0000000 1.0000000 0.0000000
vn 0.0000000 1.0000000 0.0000000
vn 0.0000000 1.0000000 0.0000000
vn 0.0000000 1.0000000 0.0000000
vn 0.0000000 1.0000000 0.0000000
vn 0.0000000 1.0000000 0.0000000
vn 0.0000000 1.0000000 0.0000000
vn 0.0000000 1.0000000 0.0000000
vn 0.0000000 1.0000000 0.0000000
vn 0.0000000 1.0000000 0.0000000
vn 0.0000000 1.0000000 0.0000000
vn 0.0000000 1.0000000 0.0000000
vn 0.0000000 1.0000000 0.0000000
vn 0.0000000 1.0000000 0.0000000
vn 0.0000000 1.0000000 0.0000000
vn 0.0000000 1.0000000 0.0000000
vn 0.0000000 1.0000000 0.0000000
vn 0.0000000 1.0000000 0.0000000
vn 0.0000000 1.0000000 0.0000000
vn 0.0000000 1.0000000 0.0000000
vn 0.0000000 1.0000000 0.0000000
vn 0.0000000 1.0000000 0.0000000
vn 0.0000000 1.0000000 0.0000000
vn 0.0000000 1.0000000 0.0000000
vn 0.0000000 1.0000000 0.0000000
vn 0.0000000 1.0000000 0.0000000
vn 0.0000000 1.0000000 0.0000000
vn 0.0000000 1.0000000 0.0000000
vn 0.0000000 1.0000000 0.0000000
vn 0.0000000 1.0000000 0.0000000
vn 0.0000000 1.0000000 0.0000000
vn 0.0000000 1.0000000 0.0000000
vn 0.0000000 1.0000000 0.0000000
vn 0.0000000 1.0000000 0.0000000
vn 0.0000000 1.0000000 0.0000000
vn 0.0000000 1.0000000 0.0000000
vn 0.0000000 1.0000000 0.0000000
vn 0.0000000 1.0000000 0.0000000
vn 0.0000000 1.0000000 0.0000000
vn 0.0000000 1.0000000 0.0000000
vn 0.0000000 1.0000000 0.0000000
vn 0.0000000 1.0000000 0.0000000
vn 0.0000000 1.0000000 0.0000000
vn 0.0000000 1.0000000 0.0000000
vn 0.0000000 1.0000000 0.0000000
vn 0.0000000 1.0000000 0.0000000
vn 0.0000000 1.0000000 0.0000000
vn 0.0000000 1.0000000 0.0000000
vn 0.0000000 1.0000000 0.0000000
vn 0.0000000 1.0000000 0.0000000
vn 0.0000000 1.0000000 0.0000000
vn 0.0000000 1.0000000 0.0000000
vn 0.0000000 1.0000000 0.0000000
vn 0.0000000 1.0000000 0.0000000
vn 0.0000000 1.0000000 0.0000000
vn 0.0000000 1.0000000 0.0000000
vn 0.0000000 1.0000000 0.0000000
vn 0.0000000 1.0000000 0.0000000
vn 0.0000000 1.0000000 0.0000000
vn 0.0000000 1.0000000 0.0000000
vn 0.0000000 1.0000000 0.0000000
vn 0.0000000 1.0000000 0.0000000
vn 0.0000000 1.0000000 0.0000000
vn 0.0000000 1.0000000 0.0000000
vn 0.0000000 1.0000000 0.0000000
vn 0.0000000 1.0000000 0.0000000
vn 0.0000000 1.0000000 0.0000000
vn 0.0000000 1.0000000 0.0000000
vn 0.0000000 1.0000000 0.0000000
vn 0.0000000 1.0000000 0.0000000
vn 0.0000000 1.0000000 0.0000000
vn 0.0000000 1.0000000 0.0000000
vn 0.0000000 1.0000000 0.0000000
vn 0.0000000 1.0000000 0.0000000
vn 0.0000000 1.0000000 0.0000000
vn 0.0000000 1.0000000 0.0000000
vn 0.0000000 1.0000000 0.0000000
vn 0.0000000 1.0000000 0.0000000
vn 0.0000000 1.0000000 0.0000000
vn 0.0000000 1.0000000 0.0000000
vn 0.0000000 1.0000000 0.0000000
vn 0.0000000 1.0000000 0.0000000
vn 0.0000000 1.0000000 0.0000000
vn 0.0000000 1.0000000 0.0000000
vn 0.0000000 1.0000000 0.0000000
vn 0.0000000 1.0000000 0.0000000
vn 0.0000000 1.0000000 0.0000000
vn 0.0000000 1.0000000 0.0000000
vn 0.0000000 1.0000000 0.0000000
vn 0.0000000 1.0000000 0.0000000
vn 0.0000000 1.0000000 0.0000000
vn 0.0000000 1.0000000 0.0000000
vn 0.0000000 1.0000000 0.0000000
vn 0.0000000 1.0000000 0.0000000
vn 0.0000000 1.0000000 0.0000000
vn 0.0000000 1.0000000 0.0000000
vn 0.0000000 1.0000000 0.0000000
vn 0.0000000 1.0000000 0.0000000
vn 0.0000000 1.0000000 0.0000000
vn 0.0000000 1.0000000 0.0000000
vn 0.0000000 1.0000000 0.0000000
vn 0.0000000 1.0000000 0.0000000
vn 0.0000000 1.0000000 0.0000000
vn 0.0000000 1.0000000 0.0000000
vn 0.0000000 1.0000000 0.0000000
vn 0.0000000 1.0000000 0.0000000
vn 0.0000000 1.0000000 0.0000000
vn 0.0000000 1.0000000 0.0000000
vn 0.0000000 1.0000000 0.0000000
vn 0.0000000 1.0000000 0.0000000
vn 0.0000000 1.0000000 0.0000000
vn 0.0000000 1.0000000 0.0000000
vn 0.0000000 1.0000000 0.0000000
vn 0.0000000 1.0000000 0.0000000
vn 0.0000000 1.0000000 0.0000000
vn 0.0000000 1.0000000 0.0000000
vn 0.0000000 1.0000000 0.0000000
vn 0.0000000 1.0000000 0.0000000
vn 0.0000000 1.0000000 0.0000000
vn 0.0000000 1.0000000 0.0000000
vn 0.0000000 1.0000000 0.0000000
vn 0.0000000 1.0000000 0.0000000
vn 0.0000000 1.0000000 0.0000000
vn 0.0000000 1.0000000 0.0000000
vn 0.0000000 1.0000000 0.0000000
vn 0.0000000 1.0000000 0.0000000
vn 0.0000000 1.0000000 0.0000000
vn 0.0000000 1.0000000 0.0000000
vn 0.0000000 1.0000000 0.0000000
vn 0.0000000 1.0000000 0.0000000
vn 0.0000000 1.0000000 0.0000000
vn 0.0000000 1.0000000 0.0000000
vn 0.0000000 1.0000000 0.0000000
vn 0.0000000 1.0000000 0.0000000
vn 0.0000000 1.0000000 0.0000000
vn 0.0000000 1.0000000 0.0000000
vn 0.0000000 1.0000000 0.0000000
vn 0.0000000 1.0000000 0.0000000
vn 0.0000000 1.0000000 0.0000000
vn 0.0000000 1.0000000 0.0000000
vn 0.0000000 1.0000000 0.0000000
vn 0.0000000 1.0000000 0.0000000
vn 0.0000000 1.0000000 0.0000000
vn 0.0000000 1.0000000 0.0000000
vn 0.0000000 1.0000000 0.0000000
vn 0.0000000 1.0000000 0.0000000
vn 0.0000000 1.0000000 0.0000000
vn 0.0000000 1.0000000 0.0000000
vn 0.0000000 1.0000000 0.0000000
vn 0.0000000 1.0000000 0.0000000
vn 0.0000000 1.0000000 0.0000000
vn 0.0000000 1.0000000 0.0000000
vn 0.0000000 1.0000000 0.0000000
vn 0.0000000 1.0000000 0.0000000
vn 0.0000000 1.0000000 0.0000000
vn 0.0000000 1.0000000 0.0000000
vn 0.0000000 1.0000000 0.0000000
vn 0.0000000 1.0000000 0.0000000
vn 0.0000000 1.0000000 0.0000000
vn 0.0000000 1.0000000 0.0000000
vn 0.0000000 1.0000000 0.0000000
vn 0.0000000 1.0000000 0.0000000
vn 0.0000000 1.0000000 0.0000000
vn 0.0000000 1.0000000 0.0000000
vn 0.0000000 1.0000000 0.0000000
vn 0.0000000 1.0000000 0.0000000
vn 0.0000000 1.0000000 0.0000000
vn 0.0000000 1.0000000 0.0000000
vn 0.0000000 1.0000000 0.0000000
vn 0.0000000 1.0000000 0.0000000
vn 0.0000000 1.0000000 0.0000000
vn 0.0000000 1.0000000 0.0000000
vn 0.0000000 1.0000000 0.0000000
vn 0.0000000 1.0000000 0.0000000
vn 0.0000000 1.0000000 0.0000000
vn 0.0000000 1.0000000 0.0000000
vn 0.0000000 1.0000000 0.0000000
vn 0.0000000 1.0000000 0.0000000
vn 0.0000000 1.0000000 0.0000000
vn 0.0000000 1.0000000 0.0000000
vn 0.0000000 1.0000000 0.0000000
vn 0.0000000 1.0000000 0.0000000
vn 0.0000000 1.0000000 0.0000000
vn 0.0000000 1.0000000 0.0000000
vn 0.0000000 1.0000000 0.0000000
vn 0.0000000 1.0000000 0.0000000
vn 0.0000000 1.0000000 0.0000000
vn 0.0000000 1.0000000 0.0000000
vn 0.0000000 1.0000000 0.0000000
vn 0.0000000 1.0000000 0.0000000
vn 0.0000000 1.0000000 0.0000000
vn 0.0000000 1.0000000 0.0000000
vn 0.0000000 1.0000000 0.0000000
vn 0.0000000 1.0000000 0.0000000
vn 0.0000000 1.0000000 0.0000000
vn 0.0000000 1.0000000 0.0000000
vn 0.0000000 1.0000000 0.0000000
vn 0.0000000 1.0000000 0.0000000
vn 0.0000000 1.0000000 0.0000000
vn 0.0000000 1.0000000 0.0000000
vn 0.0000000 1.0000000 0.0000000
vn 0.0000000 1.0000000 0.0000000
vn 0.0000000 1.0000000 0.0000000
vn 0.0000000 1.0000000 0.0000000
vn 0.0000000 1.0000000 0.0000000
vn 0.0000000 1.0000000 0.0000000
vn 0.0000000 1.0000000 0.0000000
vn 0.0000000 1.0000000 0.0000000
vn 0.0000000 1.0000000 0.0000000
vn 0.0000000 1.0000000 0.0000000
vn 0.0000000 1.0000000 0.0000000
vn 0.0000000 1.0000000 0.0000000
vn 0.0000000 1.0000000 0.0000000
vn 0.0000000 1.0000000 0.0000000
vn 0.0000000 1.0000000 0.0000000
vn 0.0000000 1.0000000 0.0000000
vn 0.0000000 1.0000000 0.0000000
vn 0.0000000 1.0000000 0.0000000
vn 0.0000000 1.0000000 0.0000000
vn 0.0000000 1.0000000 0.0000000
vn 0.0000000 1.0000000 0.0000000
vn 0.0000000 1.0000000 0.0000000
vn 0.0000000 1.0000000 0.0000000
vn 0.0000000 1.0000000 0.0000000
vn 0.0000000 1.0000000 0.0000000
vn 0.0000000 1.0000000 0.0000000
vn 0.0000000 1.0000000 0.0000000
vn 0.0000000 1.0000000 0.0000000
vn 0.0000000 1.0000000 0.0000000
vn 0.0000000 1.0000000 0.0000000
vn 0.0000000 1.0000000 0.0000000
vn 0.0000000 1.0000000 0.0000000
vn 0.0000000 1.0000000 0.0000000
vn 0.0000000 1.0000000 0.0000000
vn 0.0000000 1.0000000 0.0000000
vn 0.0000000 1.0000000 0.0000000
vn 0.0000000 1.0000000 0.0000000
vn 0.0000000 1.0000000 0.0000000
vn 0.0000000 1.0000000 0.0000000
vn 0.0000000 1.0000000 0.0000000
vn 0.0000000 1.0000000 0.0000000
vn 0.0000000 1.0000000 0.0000000
vn 0.0000000 1.0000000 0.0000000
vn 0.0000000 1.0000000 0.0000000
vn 0.0000000 1.0000000 0.0000000
vn 0.0000000 1.0000000 0.0000000
vn 0.0000000 1.0000000 0.0000000
vn 0.0000000 1.0000000 0.0000000
vn 0.0000000 1.0000000 0.0000000
vn 0.0000000 1.0000000 0.0000000
vn 0.0000000 1.0000000 0.0000000
vn 0.0000000 1.0000000 0.0000000
vn 0.0000000 1.0000000 0.0000000
vn 0.0000000 1.0000000 0.0000000
vn 0.0000000 1.0000000 0.0000000
vn 0.0000000 1.0000000 0.0000000
vn 0.0000000 1.0000000 0.0000000
vn 0.0000000 1.0000000 0.0000000
vn 0.0000000 1.0000000 0.0000000
vn 0.0000000 1.0000000 0.0000000
vn 0.0000000 1.0000000 0.0000000
vn 0.0000000 1.0000000 0.0000000
vn 0.0000000 1.0000000 0.0000000
vn 0.0000000 1.0000000 0.0000000
vn 0.0000000 1.0000000 0.0000000
vn 0.0000000 1.0000000 0.0000000
vn 0.0000000 1.0000000 0.0000000
vn 0.0000000 1.0000000 0.0000000
vn 0.0000000 1.0000000 0.0000000
vn 0.0000000 1.0000000 0.0000000
vn 0.0000000 1.0000000 0.0000000
vn 0.0000000 1.0000000 0.0000000
vn 0.0000000 1.0000000 0.0000000
vn 0.0000000 1.0000000 0.0000000
vn 0.0000000 1.0000000 0.0000000
vn 0.0000000 1.0000000 0.0000000
vn 0.0000000 1.0000000 0.0000000
vn 0.0000000 1.0000000 0.0000000
vn 0.0000000 1.0000000 0.0000000
vn 0.0000000 1.0000000 0.0000000
vn 0.0000000 1.0000000 0.0000000
vn 0.0000000 1.0000000 0.0000000
vn 0.0000000 1.0000000 0.0000000
vn 0.0000000 1.0000000 0.0000000
vn 0.0000000 1.0000000 0.0000000
vn 0.0000000 1.0000000 0.0000000
vn 0.0000000 1.0000000 0.0000000
vn 0.0000000 1.0000000 0.0000000
vn 0.0000000 1.0000000 0.0000000
vn 0.0000000 1.0000000 0.0000000
vn 0.0000000 1.0000000 0.0000000
vn 0.0000000 1.0000000 0.0000000
vn 0.0000000 1.0000000 0.0000000
vn 0.0000000 1.0000000 0.0000000
vn 0.0000000 1.0000000 0.0000000
vn 0.0000000 1.0000000 0.0000000
vn 0.0000000 1.0000000 0.0000000
vn 0.0000000 1.0000000 0.0000000
vn 0.0000000 1.0000000 0.0000000
vn 0.0000000 1.0000000 0.0000000
vn 0.0000000 1.0000000 0.0000000
vn 0.0000000 1.0000000 0.0000000
vn 0.0000000 1.0000000 0.0000000
vn 0.0000000 1.0000000 0.0000000
vn 0.0000000 1.0000000 0.0000000
vn 0.0000000 1.0000000 0.0000000
vn 0.0000000 1.0000000 0.0000000
vn 0.0000000 1.0000000 0.0000000
vn 0.0000000 1.0000000 0.0000000
vn 0.0000000 1.0000000 0.0000000
vn 0.0000000 1.0000000 0.0000000
vn 0.0000000 1.0000000 0.0000000
vn 0.0000000 1.0000000 0.0000000
vn 0.0000000 1.0000000 0.0000000
vn 0.0000000 1.0000000 0.0000000
vn 0.0000000 1.0000000 0.0000000
vn 0.0000000 1.0000000 0.0000000
vn 0.0000000 1.0000000 0.0000000
vn 0.0000000 1.0000000 0.0000000
vn 0.0000000 1.0000000 0.0000000
vn 0.0000000 1.0000000 0.0000000
vn 0.0000000 1.0000000 0.0000000
vn 0.0000000 1.0000000 0.0000000
vn 0.0000000 1.0000000 0.0000000
vn 0.0000000 1.0000000 0.0000000
vn 0.0000000 1.0000000 0.0000000
vn 0.0000000 1.0000000 0.0000000
vn 0.0000000 1.0000000 0.0000000
vn 0.0000000 1.0000000 0.0000000
vn 0.0000000 1.0000000 0.0000000
vn 0.0000000 1.0000000 0.0000000
vn 0.0000000 1.0000000 0.0000000
vn 0.0000000 1.0000000 0.0000000
vn 0.0000000 1.0000000 0.0000000
vn 0.0000000 1.0000000 0.0000000
vn 0.0000000 1.0000000 0.0000000
vn 0.0000000 1.0000000 0.0000000
vn 0.0000000 1.0000000 0.0000000
vn 0.0000000 1.0000000 0.0000000
vn 0.0000000 1.0000000 0.0000000
vn 0.0000000 1.0000000 0.0000000
vn 0.0000000 1.0000000 0.0000000
vn 0.0000000 1.0000000 0.0000000
vn 0.0000000 1.0000000 0.0000000
vn 0.0000000 1.0000000 0.0000000
vn 0.0000000 1.0000000 0.0000000
vn 0.0000000 1.0000000 0.0000000
vn 0.0000000 1.0000000 0.0000000
vn 0.0000000 1.0000000 0.0000000
vn 0.0000000 1.0000000 0.0000000
vn 0.0000000 1.0000000 0.0000000
vn 0.0000000 1.0000000 0.0000000
vn 0.0000000 1.0000000 0.0000000
vn 0.0000000 1.0000000 0.0000000
vn 0.0000000 1.0000000 0.0000000
vn 0.0000000 1.0000000 0.0000000
vn 0.0000000 1.0000000 0.0000000
vn 0.0000000 1.0000000 0.0000000
vn 0.0000000 1.0000000 0.0000000
vn 0.0000000 1.0000000 0.0000000
vn 0.0000000 1.0000000 0.0000000
vn 0.0000000 1.0000000 0.0000000
vn 0.0000000 1.0000000 0.0000000
vn 0.0000000 1.0000000 0.0000000
vn 0.0000000 1.0000000 0.0000000
vn 0.0000000 1.0000000 0.0000000
vn 0.0000000 1.0000000 0.0000000
vn 0.0000000 1.0000000 0.0000000
vn 0.0000000 1.0000000 0.0000000
vn 0.0000000 1.0000000 0.0000000
vn 0.0000000 1.0000000 0.0000000
vn 0.0000000 1.0000000 0.0000000
vn 0.0000000 1.0000000 0.0000000
vn 0.0000000 1.0000000 0.0000000
vn 0.0000000 1.0000000 0.0000000
vn 0.0000000 1.0000000 0.0000000
vn 0.0000000 1.0000000 0.0000000
vn 0.0000000 1.0000000 0.0000000
vn 0.0000000 1.0000000 0.0000000
vn 0.0000000 1.0000000 0.0000000
vn 0.0000000 1.0000000 0.0000000
vn 0.0000000 1.0000000 0.0000000
vn 0.0000000 1.0000000 0.0000000
vn 0.0000000 1.0000000 0.0000000
vn 0.0000000 1.0000000 0.0000000
vn 0.0000000 1.0000000 0.0000000
vn 0.0000000 1.0000000 0.0000000
vn 0.0000000 1.0000000 0.0000000
vn 0.0000000 1.0000000 0.0000000
vn 0.0000000 1.0000000 0.0000000
vn 0.0000000 1.0000000 0.0000000
vn 0.0000000 1.0000000 0.0000000
vn 0.0000000 1.0000000 0.0000000
vn 0.0000000 1.0000000 0.0000000
vn 0.0000000 1.0000000 0.0000000
vn 0.0000000 1.0000000 0.0000000
vn 0.0000000 1.0000000 0.0000000
vn 0.0000000 1.0000000 0.0000000
vn 0.0000000 1.0000000 0.0000000
vn 0.0000000 1.0000000 0.0000000
vn 0.0000000 1.0000000 0.0000000
vn 0.0000000 1.0000000 0.0000000
vn 0.0000000 1.0000000 0.0000000
vn 0.0000000 1.0000000 0.0000000
vn 0.0000000 1.0000000 0.0000000
vn 0.0000000 1.0000000 0.0000000
vn 0.0000000 1.0000000 0.0000000
vn 0.0000000 1.0000000 0.0000000
vn 0.0000000 1.0000000 0.0000000
vn 0.0000000 1.0000000 0.0000000
vn 0.0000000 1.0000000 0.0000000
vn 0.0000000 1.0000000 0.0000000
vn 0.0000000 1.0000000 0.0000000
vn 0.0000000 1.0000000 0.0000000
vn 0.0000000 1.0000000 0.0000000
vn 0.0000000 1.0000000 0.0000000
vn 0.0000000 1.0000000 0.0000000
vn 0.0000000 1.0000000 0.0000000
vn 0.0000000 1.0000000 0.0000000
vn 0.0000000 1.0000000 0.0000000
vn 0.0000000 1.0000000 0.0000000
vn 0.0000000 1.0000000 0.0000000
vn 0.0000000 1.0000000 0.0000000
vn 0.0000000 1.0000000 0.0000000
vn 0.0000000 1.0000000 0.0000000
vn 0.0000000 1.0000000 0.0000000
vn 0.0000000 1.0000000 0.0000000
vn 0.0000000 1.0000000 0.0000000
vn 0.0000000 1.0000000 0.0000000
vn 0.0000000 1.0000000 0.0000000
vn 0.0000000 1.0000000 0.0000000
vn 0.0000000 1.0000000 0.0000000
vn 0.0000000 1.0000000 0.0000000
vn 0.0000000 1.0000000 0.0000000
vn 0.0000000 1.0000000 0.0000000
vn 0.0000000 1.0000000 0.0000000
vn 0.0000000 1.0000000 0.0000000
vn 0.0000000 1.0000000 0.0000000
vn 0.0000000 1.0000000 0.0000000
vn 0.0000000 1.0000000 0.0000000
vn 0.0000000 1.0000000 0.0000000
vn 0.0000000 1.0000000 0.0000000
vn 0.0000000 1.0000000 0.0000000
vn 0.0000000 1.0000000 0.0000000
vn 0.0000000 1.0000000 0.0000000
vn 0.0000000 1.0000000 0.0000000
vn 0.0000000 1.0000000 0.0000000
vn 0.0000000 1.0000000 0.0000000
vn 0.0000000 1.0000000 0.0000000
vn 0.0000000 1.0000000 0.0000000
vn 0.0000000 1.0000000 0.0000000
vn 0.0000000 1.0000000 0.0000000
vn 0.0000000 1.0000000 0.0000000
vn 0.0000000 1.0000000 0.0000000
vn 0.0000000 1.0000000 0.0000000
vn 0.0000000 1.0000000 0.0000000
vn 0.0000000 1.0000000 0.0000000
vn 0.0000000 1.0000000 0.0000000
vn 0.0000000 1.0000000 0.0000000
vn 0.0000000 1.0000000 0.0000000
vn 0.0000000 1.0000000 0.0000000
vn 0.0000000 1.0000000 0.0000000
vn 0.0000000 1.0000000 0.0000000
vn 0.0000000 1.0000000 0.0000000
vn 0.0000000 1.0000000 0.0000000
vn 0.0000000 1.0000000 0.0000000
vn 0.0000000 1.0000000 0.0000000
vn 0.0000000 1.0000000 0.0000000
vn 0.0000000 1.0000000 0.0000000
vn 0.0000000 1.0000000 0.0000000
vn 0.0000000 1.0000000 0.0000000
vn 0.0000000 1.0000000 0.0000000
vn 0.0000000 1.0000000 0.0000000
vn 0.0000000 1.0000000 0.0000000
vn 0.0000000 1.0000000 0.0000000
vn 0.0000000 1.0000000 0.0000000
vn 0.0000000 1.0000000 0.0000000
vn 0.0000000 1.0000000 0.0000000
vn 0.0000000 1.0000000 0.0000000
vn 0.0000000 1.0000000 0.0000000
vn 0.0000000 1.0000000 0.0000000
vn 0.0000000 1.0000000 0.0000000
vn 0.0000000 1.0000000 0.0000000
vn 0.0000000 1.0000000 0.0000000
vn 0.0000000 1.0000000 0.0000000
vn 0.0000000 1.0000000 0.0000000
vn 0.0000000 1.0000000 0.0000000
vn 0.0000000 1.0000000 0.0000000
vn 0.0000000 1.0000000 0.0000000
vn 0.0000000 1.0000000 0.0000000
vn 0.0000000 1.0000000 0.0000000
vn 0.0000000 1.0000000 0.0000000
vn 0.0000000 1.0000000 0.0000000
vn 0.0000000 1.0000000 0.0000000
vn 0.0000000 1.0000000 0.0000000
vn 0.0000000 1.0000000 0.0000000
vn 0.0000000 1.0000000 0.0000000
vn 0.0000000 1.0000000 0.0000000
vn 0.0000000 1.0000000 0.0000000
vn 0.0000000 1.0000000 0.0000000
vn 0.0000000 1.0000000 0.0000000
vn 0.0000000 1.0000000 0.0000000
vn 0.0000000 1.0000000 0.0000000
vn 0.0000000 1.0000000 0.0000000
vn 0.0000000 1.0000000 0.0000000
vn 0.0000000 1.0000000 0.0000000
vn 0.0000000 1.0000000 0.0000000
vn 0.0000000 1.0000000 0.0000000
vn 0.0000000 1.0000000 0.0000000
vn 0.0000000 1.0000000 0.0000000
vn 0.0000000 1.0000000 0.0000000
vn 0.0000000 1.0000000 0.0000000
vn 0.0000000 1.0000000 0.0000000
vn 0.0000000 1.0000000 0.0000000
vn 0.0000000 1.0000000 0.0000000
vn 0.0000000 1.0000000 0.0000000
vn 0.0000000 1.0000000 0.0000000
vn 0.0000000 1.0000000 0.0000000
vn 0.0000000 1.0000000 0.0000000
vn 0.0000000 1.0000000 0.0000000
vn 0.0000000 1.0000000 0.0000000
vn 0.0000000 1.0000000 0.0000000
vn 0.0000000 1.0000000 0.0000000
vn 0.0000000 1.0000000 0.0000000
vn 0.0000000 1.0000000 0.0000000
vn 0.0000000 1.0000000 0.0000000
vn 0.0000000 1.0000000 0.0000000
vn 0.0000000 1.0000000 0.0000000
vn 0.0000000 1.0000000 0.0000000
vn 0.0000000 1.0000000 0.0000000
vn 0.0000000 1.0000000 0.0000000
vn 0.0000000 1.0000000 0.0000000
vn 0.0000000 1.0000000 0.0000000
vn 0.0000000 1.0000000 0.0000000
vn 0.0000000 1.0000000 0.0000000
vn 0.0000000 1.0000000 0.0000000
vn 0.0000000 1.0000000 0.0000000
vn 0.0000000 1.0000000 0.0000000
vn 0.0000000 1.0000000 0.0000000
vn 0.0000000 1.0000000 0.0000000
vn 0.0000000 1.0000000 0.0000000
vn 0.0000000 1.0000000 0.0000000
vn 0.0000000 1.0000000 0.0000000
vn 0.0000000 1.0000000 0.0000000
vn 0.0000000 1.0000000 0.0000000
vn 0.0000000 1.0000000 0.0000000
vn 0.0000000 1.0000000 0.0000000
vn 0.0000000 1.0000000 0.0000000
vn 0.0000000 1.0000000 0.0000000
vn 0.0000000 1.0000000 0.0000000
vn 0.0000000 1.0000000 0.0000000
vn 0.0000000 1.0000000 0.0000000
vn 0.0000000 1.0000000 0.0000000
vn 0.0000000 1.0000000 0.0000000
vn 0.0000000 1.0000000 0.0000000
vn 0.0000000 1.0000000 0.0000000
vn 0.0000000 1.0000000 0.0000000
vn 0.0000000 1.0000000 0.0000000
vn 0.0000000 1.0000000 0.0000000
vn 0.0000000 1.0000000 0.0000000
vn 0.0000000 1.0000000 0.0000000
vn 0.0000000 1.0000000 0.0000000
vn 0.0000000 1.0000000 0.0000000
vn 0.0000000 1.0000000 0.0000000
vn 0.0000000 1.0000000 0.0000000
vn 0.0000000 1.0000000 0.0000000
vn 0.0000000 1.0000000 0.0000000
vn 0.0000000 1.0000000 0.0000000
vn 0.0000000 1.0000000 0.0000000
vn 0.0000000 1.0000000 0.0000000
vn 0.0000000 1.0000000 0.0000000
vn 0.0000000 1.0000000 0.0000000
vn 0.0000000 1.0000000 0.0000000
vn 0.0000000 1.0000000 0.0000000
vn 0.0000000 1.0000000 0.0000000
vn 0.0000000 1.0000000 0.0000000
vn 0.0000000 1.0000000 0.0000000
vn 0.0000000 1.0000000 0.0000000
vn 0.0000000 1.0000000 0.0000000
vn 0.0000000 1.0000000 0.0000000
vn 0.0000000 1.0000000 0.0000000
vn 0.0000000 1.0000000 0.0000000
vn 0.0000000 1.0000000 0.0000000
vn 0.0000000 1.0000000 0.0000000
vn 0.0000000 1.0000000 0.0000000
vn 0.0000000 1.0000000 0.0000000
vn 0.0000000 1.0000000 0.0000000
vn 0.0000000 1.0000000 0.0000000
vn 0.0000000 1.0000000 0.0000000
vn 0.0000000 1.0000000 0.0000000
vn 0.0000000 1.0000000 0.0000000
vn 0.0000000 1.0000000 0.0000000
vn 0.0000000 1.0000000 0.0000000
vn 0.0000000 1.0000000 0.0000000
vn 0.0000000 1.0000000 0.0000000
vn 0.0000000 1.0000000 0.0000000
vn 0.0000000 1.0000000 0.0000000
vn 0.0000000 1.0000000 0.0000000
vn 0.0000000 1.0000000 0.0000000
vn 0.0000000 1.0000000 0.0000000
vn 0.0000000 1.0000000 0.0000000
vn 0.0000000 1.0000000 0.0000000
vn 0.0000000 1.0000000 0.0000000
vn 0.0000000 1.0000000 0.0000000
vn 0.0000000 1.0000000 0.0000000
vn 0.0000000 1.0000000 0.0000000
vn 0.0000000 1.0000000 0.0000000
vn 0.0000000 1.0000000 0.0000000
vn 0.0000000 1.0000000 0.0000000
vn 0.0000000 1.0000000 0.0000000
vn 0.0000000 1.0000000 0.0000000
vn 0.0000000 1.0000000 0.0000000
vn 0.0000000 1.0000000 0.0000000
vn 0.0000000 1.0000000 0.0000000
vn 0.0000000 1.0000000 0.0000000
vn 0.0000000 1.0000000 0.0000000
vn 0.0000000 1.0000000 0.0000000
vn 0.0000000 1.0000000 0.0000000
vn 0.0000000 1.0000000 0.0000000
vn 0.0000000 1.0000000 0.0000000
vn 0.0000000 1.0000000 0.0000000
vn 0.0000000 1.0000000 0.0000000
vn 0.0000000 1.0000000 0.0000000
vn 0.0000000 1.0000000 0.0000000
vn 0.0000000 1.0000000 0.0000000
vn 0.0000000 1.0000000 0.0000000
vn 0.0000000 1.0000000 0.0000000
vn 0.0000000 1.0000000 0.0000000
vn 0.0000000 1.0000000 0.0000000
vn 0.0000000 1.0000000 0.0000000
vn 0.0000000 1.0000000 0.0000000
vn 0.0000000 1.0000000 0.0000000
vn 0.0000000 1.0000000 0.0000000
vn 0.0000000 1.0000000 0.0000000
vn 0.0000000 1.0000000 0.0000000
vn 0.0000000 1.0000000 0.0000000
vn 0.0000000 1.0000000 0.0000000
vn 0.0000000 1.0000000 0.0000000
vn 0.0000000 1.0000000 0.0000000
vn 0.0000000 1.0000000 0.0000000
vn 0.0000000 1.0000000 0.0000000
vn 0.0000000 1.0000000 0.0000000
vn 0.0000000 1.0000000 0.0000000
vn 0.0000000 1.0000000 0.0000000
vn 0.0000000 1.0000000 0.0000000
vn 0.0000000 1.0000000 0.0000000
vn 0.0000000 1.0000000 0.0000000
vn 0.0000000 1.0000000 0.0000000
vn 0.0000000 1.0000000 0.0000000
vn 0.0000000 1.0000000 0.0000000
vn 0.0000000 1.0000000 0.0000000
vn 0.0000000 1.0000000 0.0000000
vn 0.0000000 1.0000000 0.0000000
vn 0.0000000 1.0000000 0.0000000
vn 0.0000000 1.0000000 0.0000000
vn 0.0000000 1.0000000 0.0000000
vn 0.0000000 1.0000000 0.0000000
vn 0.0000000 1.0000000 0.0000000
vn 0.0000000 1.0000000 0.0000000
vn 0.0000000 1.0000000 0.0000000
vn 0.0000000 1.0000000 0.0000000
vn 0.0000000 1.0000000 0.0000000
vn 0.0000000 1.0000000 0.0000000
vn 0.0000000 1.0000000 0.0000000
vn 0.0000000 1.0000000 0.0000000
vn 0.0000000 1.0000000 0.0000000
vn 0.0000000 1.0000000 0.0000000
vn 0.0000000 1.0000000 0.0000000
vn 0.0000000 1.0000000 0.0000000
vn 0.0000000 1.0000000 0.0000000
vn 0.0000000 1.0000000 0.0000000
vn 0.0000000 1.0000000 0.0000000
vn 0.0000000 1.0000000 0.0000000
vn 0.0000000 1.0000000 0.0000000
vn 0.0000000 1.0000000 0.0000000
vn 0.0000000 1.0000000 0.0000000
vn 0.0000000 1.0000000 0.0000000
vn 0.0000000 1.0000000 0.0000000
vn 0.0000000 1.0000000 0.0000000
vn 0.0000000 1.0000000 0.0000000
vn 0.0000000 1.0000000 0.0000000
vn 0.0000000 1.0000000 0.0000000
vn 0.0000000 1.0000000 0.0000000
vn 0.0000000 1.0000000 0.0000000
vn 0.0000000 1.0000000 0.0000000
vn 0.0000000 1.0000000 0.0000000
vn 0.0000000 1.0000000 0.0000000
vn 0.0000000 1.0000000 0.0000000
vn 0.0000000 1.0000000 0.0000000
vn 0.0000000 1.0000000 0.0000000
vn 0.0000000 1.0000000 0.0000000
vn 0.0000000 1.0000000 0.0000000
vn 0.0000000 1.0000000 0.0000000
vn 0.0000000 1.0000000 0.0000000
vn 0.0000000 1.0000000 0.0000000
vn 0.0000000 1.0000000 0.0000000
vn 0.0000000 1.0000000 0.0000000
vn 0.0000000 1.0000000 0.0000000
vn 0.0000000 1.0000000 0.0000000
vn 0.0000000 1.0000000 0.0000000
vn 0.0000000 1.0000000 0.0000000
vn 0.0000000 1.0000000 0.0000000
vn 0.0000000 1.0000000 0.0000000
vn 0.0000000 1.0000000 0.0000000
vn 0.0000000 1.0000000 0.0000000
vn 0.0000000 1.0000000 0.0000000
vn 0.0000000 1.0000000 0.0000000
vn 0.0000000 1.0000000 0.0000000
vn 0.0000000 1.0000000 0.0000000
vn 0.0000000 1.0000000 0.0000000
vn 0.0000000 1.0000000 0.0000000
vn 0.0000000 1.0000000 0.0000000
vn 0.0000000 1.0000000 0.0000000
vn 0.0000000 1.0000000 0.0000000
vn 0.0000000 1.0000000 0.0000000
vn 0.0000000 1.0000000 0.0000000
vn 0.0000000 1.0000000 0.0000000
vn 0.0000000 1.0000000 0.0000000
vn 0.0000000 1.0000000 0.0000000
vn 0.0000000 1.0000000 0.0000000
vn 0.0000000 1.0000000 0.0000000
vn 0.0000000 1.0000000 0.0000000
vn 0.0000000 1.0000000 0.0000000
vn 0.0000000 1.0000000 0.0000000
vn 0.0000000 1.0000000 0.0000000
vn 0.0000000 1.0000000 0.0000000
vn 0.0000000 1.0000000 0.0000000
vn 0.0000000 1.0000000 0.0000000
vn 0.0000000 1.0000000 0.0000000
vn 0.0000000 1.0000000 0.0000000
vn 0.0000000 1.0000000 0.0000000
vn 0.0000000 1.0000000 0.0000000
vn 0.0000000 1.0000000 0.0000000
vn 0.0000000 1.0000000 0.0000000
vn 0.0000000 1.0000000 0.0000000
vn 0.0000000 1.0000000 0.0000000
vn 0.0000000 1.0000000 0.0000000
vn 0.0000000 1.0000000 0.0000000
vn 0.0000000 1.0000000 0.0000000
vn 0.0000000 1.0000000 0.0000000
vn 0.0000000 1.0000000 0.0000000
vn 0.0000000 1.0000000 0.0000000
vn 0.0000000 1.0000000 0.0000000
vn 0.0000000 1.0000000 0.0000000
vn 0.0000000 1.0000000 0.0000000
vn 0.0000000 1.0000000 0.0000000
vn 0.0000000 1.0000000 0.0000000
vn 0.0000000 1.0000000 0.0000000
vn 0.0000000 1.0000000 0.0000000
vn 0.0000000 1.0000000 0.0000000
vn 0.0000000 1.0000000 0.0000000
vn 0.0000000 1.0000000 0.0000000
vn 0.0000000 1.0000000 0.0000000
vn 0.0000000 1.0000000 0.0000000
vn 0.0000000 1.0000000 0.0000000
vn 0.0000000 1.0000000 0.0000000
vn 0.0000000 1.0000000 0.0000000
vn 0.0000000 1.0000000 0.0000000
vn 0.0000000 1.0000000 0.0000000
vn 0.0000000 1.0000000 0.0000000
vn 0.0000000 1.0000000 0.0000000
vn 0.0000000 1.0000000 0.0000000
vn 0.0000000 1.0000000 0.0000000
vn 0.0000000 1.0000000 0.0000000
vn 0.0000000 1.0000000 0.0000000
vn 0.0000000 1.0000000 0.0000000
vn 0.0000000 1.0000000 0.0000000
vn 0.0000000 1.0000000 0.0000000
vn 0.0000000 1.0000000 0.0000000
vn 0.0000000 1.0000000 0.0000000
vn 0.0000000 1.0000000 0.0000000
vn 0.0000000 1.0000000 0.0000000
vn 0.0000000 1.0000000 0.0000000
vn 0.0000000 1.0000000 0.0000000
vn 0.0000000 1.0000000 0.0000000
vn 0.0000000 1.0000000 0.0000000
vn 0.0000000 1.0000000 0.0000000
vn 0.0000000 1.0000000 0.0000000
vn 0.0000000 1.0000000 0.0000000
vn 0.0000000 1.0000000 0.0000000
vn 0.0000000 1.0000000 0.0000000
vn 0.0000000 1.0000000 0.0000000
vn 0.0000000 1.0000000 0.0000000
vn 0.0000000 1.0000000 0.0000000
vn 0.0000000 1.0000000 0.0000000
vn 0.0000000 1.0000000 0.0000000
vn 0.0000000 1.0000000 0.0000000
vn 0.0000000 1.0000000 0.0000000
vn 0.0000000 1.0000000 0.0000000
vn 0.0000000 1.0000000 0.0000000
vn 0.0000000 1.0000000 0.0000000
vn 0.0000000 1.0000000 0.0000000
vn 0.0000000 1.0000000 0.0000000
vn 0.0000000 1.0000000 0.0000000
vn 0.0000000 1.0000000 0.0000000
vn 0.0000000 1.0000000 0.0000000
vn 0.0000000 1.0000000 0.0000000
vn 0.0000000 1.0000000 0.0000000
vn 0.0000000 1.0000000 0.0000000
vn 0.0000000 1.0000000 0.0000000
vn 0.0000000 1.0000000 0.0000000
vn 0.0000000 1.0000000 0.0000000
vn 0.0000000 1.0000000 0.0000000
vn 0.0000000 1.0000000 0.0000000
vn 0.0000000 1.0000000 0.0000000
vn 0.0000000 1.0000000 0.0000000
vn 0.0000000 1.0000000 0.0000000
vn 0.0000000 1.0000000 0.0000000
vn 0.0000000 1.0000000 0.0000000
vn 0.0000000 1.0000000 0.0000000
vn 0.0000000 1.0000000 0.0000000
vn 0.0000000 1.0000000 0.0000000
vn 0.0000000 1.0000000 0.0000000
vn 0.0000000 1.0000000 0.0000000
vn 0.0000000 1.0000000 0.0000000
vn 0.0000000 1.0000000 0.0000000
vn 0.0000000 1.0000000 0.0000000
vn 0.0000000 1.0000000 0.0000000
vn 0.0000000 1.0000000 0.0000000
vn 0.0000000 1.0000000 0.0000000
vn 0.0000000 1.0000000 0.0000000
vn 0.0000000 1.0000000 0.0000000
vn 0.0000000 1.0000000 0.0000000
vn 0.0000000 1.0000000 0.0000000
vn 0.0000000 1.0000000 0.0000000
vn 0.0000000 1.0000000 0.0000000
vn 0.0000000 1.0000000 0.0000000
vn 0.0000000 1.0000000 0.0000000
vn 0.0000000 1.0000000 0.0000000
vn 0.0000000 1.0000000 0.0000000
vn 0.0000000 1.0000000 0.0000000
vn 0.0000000 1.0000000 0.0000000
vn 0.0000000 1.0000000 0.0000000
vn 0.0000000 1.0000000 0.0000000
vn 0.0000000 1.0000000 0.0000000
vn 0.0000000 1.0000000 0.0000000
vn 0.0000000 1.0000000 0.0000000
vn 0.0000000 1.0000000 0.0000000
vn 0.0000000 1.0000000 0.0000000
vn 0.0000000 1.0000000 0.0000000
vn 0.0000000 1.0000000 0.0000000
vn 0.0000000 1.0000000 0.0000000
vn 0.0000000 1.0000000 0.0000000
vn 0.0000000 1.0000000 0.0000000
vn 0.0000000 1.0000000 0.0000000
vn 0.0000000 1.0000000 0.0000000
vn 0.0000000 1.0000000 0.0000000
vn 0.0000000 1.0000000 0.0000000
vn 0.0000000 1.0000000 0.0000000
vn 0.0000000 1.0000000 0.0000000
vn 0.0000000 1.0000000 0.0000000
vn 0.0000000 1.0000000 0.0000000
vn 0.0000000 1.0000000 0.0000000
vn 0.0000000 1.0000000 0.0000000
vn 0.0000000 1.0000000 0.0000000
vn 0.0000000 1.0000000 0.0000000
vn 0.0000000 1.0000000 0.0000000
vn 0.0000000 1.0000000 0.0000000
vn 0.0000000 1.0000000 0.0000000
vn 0.0000000 1.0000000 0.0000000
vn 0.0000000 1.0000000 0.0000000
vn 0.0000000 1.0000000 0.0000000
vn 0.0000000 1.0000000 0.0000000
vn 0.0000000 1.0000000 0.0000000
vn 0.0000000 1.0000000 0.0000000
vn 0.0000000 1.0000000 0.0000000
vn 0.0000000 1.0000000 0.0000000
vn 0.0000000 1.0000000 0.0000000
vn 0.0000000 1.0000000 0.0000000
vn 0.0000000 1.0000000 0.0000000
vn 0.0000000 1.0000000 0.0000000
vn 0.0000000 1.0000000 0.0000000
vn 0.0000000 1.0000000 0.0000000
vn 0.0000000 1.0000000 0.0000000
vn 0.0000000 1.0000000 0.0000000
vn 0.0000000 1.0000000 0.0000000
vn 0.0000000 1.0000000 0.0000000
vn 0.0000000 1.0000000 0.0000000
vn 0.0000000 1.0000000 0.0000000
vn 0.0000000 1.0000000 0.0000000
vn 0.0000000 1.0000000 0.0000000
vn 0.0000000 1.0000000 0.0000000
vn 0.0000000 1.0000000 0.0000000
vn 0.0000000 1.0000000 0.0000000
vn 0.0000000 1.0000000 0.0000000
vn 0.0000000 1.0000000 0.0000000
vn 0.0000000 1.0000000 0.0000000
vn 0.0000000 1.0000000 0.0000000
vn 0.0000000 1.0000000 0.0000000
vn 0.0000000 1.0000000 0.0000000
vn 0.0000000 1.0000000 0.0000000
vn 0.0000000 1.0000000 0.0000000
vn 0.0000000 1.0000000 0.0000000
vn 0.0000000 1.0000000 0.0000000
vn 0.0000000 1.0000000 0.0000000
vn 0.0000000 1.0000000 0.0000000
vn 0.0000000 1.0000000 0.0000000
vn 0.0000000 1.0000000 0.0000000
vn 0.0000000 1.0000000 0.0000000
vn 0.0000000 1.0000000 0.0000000
vn 0.0000000 1.0000000 0.0000000
vn 0.0000000 1.0000000 0.0000000
vn 0.0000000 1.0000000 0.0000000
vn 0.0000000 1.0000000 0.0000000
vn 0.0000000 1.0000000 0.0000000
vn 0.0000000 1.0000000 0.0000000
vn 0.0000000 1.0000000 0.0000000
vn 0.0000000 1.0000000 0.0000000
vn 0.0000000 1.0000000 0.0000000
vn 0.0000000 1.0000000 0.0000000
vn 0.0000000 1.0000000 0.0000000
vn 0.0000000 1.0000000 0.0000000
vn 0.0000000 1.0000000 0.0000000
vn 0.0000000 1.0000000 0.0000000
vn 0.0000000 1.0000000 0.0000000
vn 0.0000000 1.0000000 0.0000000
vn 0.0000000 1.0000000 0.0000000
vn 0.0000000 1.0000000 0.0000000
vn 0.0000000 1.0000000 0.0000000
vn 0.0000000 1.0000000 0.0000000
vn 0.0000000 1.0000000 0.0000000
vn 0.0000000 1.0000000 0.0000000
vn 0.0000000 1.0000000 0.0000000
vn 0.0000000 1.0000000 0.0000000
vn 0.0000000 1.0000000 0.0000000
vn 0.0000000 1.0000000 0.0000000
vn 0.0000000 1.0000000 0.0000000
vn 0.0000000 1.0000000 0.0000000
vn 0.0000000 1.0000000 0.0000000
vn 0.0000000 1.0000000 0.0000000
vn 0.0000000 1.0000000 0.0000000
vn 0.0000000 1.0000000 0.0000000
vn 0.0000000 1.0000000 0.0000000
vn 0.0000000 1.0000000 0.0000000
vn 0.0000000 1.0000000 0.0000000
vn 0.0000000 1.0000000 0.0000000
vn 0.0000000 1.0000000 0.0000000
vn 0.0000000 1.0000000 0.0000000
vn 0.0000000 1.0000000 0.0000000
vn 0.0000000 1.0000000 0.0000000
vn 0.0000000 1.0000000 0.0000000
vn 0.0000000 1.0000000 0.0000000
vn 0.0000000 1.0000000 0.0000000
vn 0.0000000 1.0000000 0.0000000
vn 0.0000000 1.0000000 0.0000000
vn 0.0000000 1.0000000 0.0000000
vn 0.0000000 1.0000000 0.0000000
vn 0.0000000 1.0000000 0.0000000
vn 0.0000000 1.0000000 0.0000000
vn 0.0000000 1.0000000 0.0000000
vn 0.0000000 1.0000000 0.0000000
vn 0.0000000 1.0000000 0.0000000
vn 0.0000000 1.0000000 0.0000000
vn 0.0000000 1.0000000 0.0000000
vn 0.0000000 1.0000000 0.0000000
vn 0.0000000 1.0000000 0.0000000
vn 0.0000000 1.0000000 0.0000000
vn 0.0000000 1.0000000 0.0000000
vn 0.0000000 1.0000000 0.0000000
vn 0.0000000 1.0000000 0.0000000
vn 0.0000000 1.0000000 0.0000000
vn 0.0000000 1.0000000 0.0000000
vn 0.0000000 1.0000000 0.0000000
vn 0.0000000 1.0000000 0.0000000
vn 0.0000000 1.0000000 0.0000000
vn 0.0000000 1.0000000 0.0000000
vn 0.0000000 1.0000000 0.0000000
vn 0.0000000 1.0000000 0.0000000
vn 0.0000000 1.0000000 0.0000000
vn 0.0000000 1.0000000 0.0000000
vn 0.0000000 1.0000000 0.0000000
vn 0.0000000 1.0000000 0.0000000
vn 0.0000000 1.0000000 0.0000000
vn 0.0000000 1.0000000 0.0000000
vn 0.0000000 1.0000000 0.0000000
vn 0.0000000 1.0000000 0.0000000
vn 0.0000000 1.0000000 0.0000000
vn 0.0000000 1.0000000 0.0000000
vn 0.0000000 1.0000000 0.0000000
vn 0.0000000 1.0000000 0.0000000
vn 0.0000000 1.0000000 0.0000000
vn 0.0000000 1.0000000 0.0000000
vn 0.0000000 1.0000000 0.0000000
vn 0.0000000 1.0000000 0.0000000
vn 0.0000000 1.0000000 0.0000000
vn 0.0000000 1.0000000 0.0000000
vn 0.0000000 1.0000000 0.0000000
vn 0.0000000 1.0000000 0.0000000
vn 0.0000000 1.0000000 0.0000000
vn 0.0000000 1.0000000 0.0000000
vn 0.0000000 1.0000000 0.0000000
vn 0.0000000 1.0000000 0.0000000
vn 0.0000000 1.0000000 0.0000000
vn 0.0000000 1.0000000 0.0000000
vn 0.0000000 1.0000000 0.0000000
vn 0.0000000 1.0000000 0.0000000
vn 0.0000000 1.0000000 0.0000000
vn 0.0000000 1.0000000 0.0000000
vn 0.0000000 1.0000000 0.0000000
vn 0.0000000 1.0000000 0.0000000
vn 0.0000000 1.0000000 0.0000000
vn 0.0000000 1.0000000 0.0000000
vn 0.0000000 1.0000000 0.0000000
vn 0.0000000 1.0000000 0.0000000
vn 0.0000000 1.0000000 0.0000000
vn 0.0000000 1.0000000 0.0000000
vn 0.0000000 1.0000000 0.0000000
vn 0.0000000 1.0000000 0.0000000
vn 0.0000000 1.0000000 0.0000000
vn 0.0000000 1.0000000 0.0000000
vn 0.0000000 1.0000000 0.0000000
vn 0.0000000 1.0000000 0.0000000
vn 0.0000000 1.0000000 0.0000000
vn 0.0000000 1.0000000 0.0000000
vn 0.0000000 1.0000000 0.0000000
vn 0.0000000 1.0000000 0.0000000
vn 0.0000000 1.0000000 0.0000000
vn 0.0000000 1.0000000 0.0000000
vn 0.0000000 1.0000000 0.0000000
vn 0.0000000 1.0000000 0.0000000
vn 0.0000000 1.0000000 0.0000000
vn 0.0000000 1.0000000 0.0000000
vn 0.0000000 1.0000000 0.0000000
vn 0.0000000 1.0000000 0.0000000
vn 0.0000000 1.0000000 0.0000000
vn 0.0000000 1.0000000 0.0000000
vn 0.0000000 1.0000000 0.0000000
vn 0.0000000 1.0000000 0.0000000
vn 0.0000000 1.0000000 0.0000000
vn 0.0000000 1.0000000 0.0000000
vn 0.0000000 1.0000000 0.0000000
vn 0.0000000 1.0000000 0.0000000
vn 0.0000000 1.0000000 0.0000000
vn 0.0000000 1.0000000 0.0000000
vn 0.0000000 1.0000000 0.0000000
vn 0.0000000 1.0000000 0.0000000
vn 0.0000000 1.0000000 0.0000000
vn 0.0000000 1.0000000 0.0000000
vn 0.0000000 1.0000000 0.0000000
vn 0.0000000 1.0000000 0.0000000
vn 0.0000000 1.0000000 0.0000000
vn 0.0000000 1.0000000 0.0000000
vn 0.0000000 1.0000000 0.0000000
vn 0.0000000 1.0000000 0.0000000
vn 0.0000000 1.0000000 0.0000000
vn 0.0000000 1.0000000 0.0000000
vn 0.0000000 1.0000000 0.0000000
vn 0.0000000 1.0000000 0.0000000
vn 0.0000000 1.0000000 0.0000000
vn 0.0000000 1.0000000 0.0000000
vn 0.0000000 1.0000000 0.0000000
vn 0.0000000 1.0000000 0.0000000
vn 0.0000000 1.0000000 0.0000000
vn 0.0000000 1.0000000 0.0000000
vn 0.0000000 1.0000000 0.0000000
vn 0.0000000 1.0000000 0.0000000
vn 0.0000000 1.0000000 0.0000000
vn 0.0000000 1.0000000 0.0000000
vn 0.0000000 1.0000000 0.0000000
vn 0.0000000 1.0000000 0.0000000
vn 0.0000000 1.0000000 0.0000000
vn 0.0000000 1.0000000 0.0000000
vn 0.0000000 1.0000000 0.0000000
vn 0.0000000 1.0000000 0.0000000
vn 0.0000000 1.0000000 0.0000000
vn 0.0000000 1.0000000 0.0000000
vn 0.0000000 1.0000000 0.0000000
vn 0.0000000 1.0000000 0.0000000
vn 0.0000000 1.0000000 0.0000000
vn 0.0000000 1.0000000 0.0000000
vn 0.0000000 1.0000000 0.0000000
vn 0.0000000 1.0000000 0.0000000
vn 0.0000000 1.0000000 0.0000000
vn 0.0000000 1.0000000 0.0000000
vn 0.0000000 1.0000000 0.0000000
vn 0.0000000 1.0000000 0.0000000
vn 0.0000000 1.0000000 0.0000000
vn 0.0000000 1.0000000 0.0000000
vn 0.0000000 1.0000000 0.0000000
vn 0.0000000 1.0000000 0.0000000
vn 0.0000000 1.0000000 0.0000000
vn 0.0000000 1.0000000 0.0000000
vn 0.0000000 1.0000000 0.0000000
vn 0.0000000 1.0000000 0.0000000
vn 0.0000000 1.0000000 0.0000000
vn 0.0000000 1.0000000 0.0000000
vn 0.0000000 1.0000000 0.0000000
vn 0.0000000 1.0000000 0.0000000
vn 0.0000000 1.0000000 0.0000000
vn 0.0000000 1.0000000 0.0000000
vn 0.0000000 1.0000000 0.0000000
vn 0.0000000 1.0000000 0.0000000
vn 0.0000000 1.0000000 0.0000000
vn 0.0000000 1.0000000 0.0000000
vn 0.0000000 1.0000000 0.0000000
vn 0.0000000 1.0000000 0.0000000
vn 0.0000000 1.0000000 0.0000000
vn 0.0000000 1.0000000 0.0000000
vn 0.0000000 1.0000000 0.0000000
vn 0.0000000 1.0000000 0.0000000
vn 0.0000000 1.0000000 0.0000000
vn 0.0000000 1.0000000 0.0000000
vn 0.0000000 1.0000000 0.0000000
vn 0.0000000 1.0000000 0.0000000
vn 0.0000000 1.0000000 0.0000000
vn 0.0000000 1.0000000 0.0000000
vn 0.0000000 1.0000000 0.0000000
vn 0.0000000 1.0000000 0.0000000
vn 0.0000000 1.0000000 0.0000000
vn 0.0000000 1.0000000 0.0000000
vn 0.0000000 1.0000000 0.0000000
vn 0.0000000 1.0000000 0.0000000
vn 0.0000000 1.0000000 0.0000000
vn 0.0000000 1.0000000 0.0000000
vn 0.0000000 1.0000000 0.0000000
vn 0.0000000 1.0000000 0.0000000
vn 0.0000000 1.0000000 0.0000000
vn 0.0000000 1.0000000 0.0000000
vn 0.0000000 1.0000000 0.0000000
vn 0.0000000 1.0000000 0.0000000
vn 0.0000000 1.0000000 0.0000000
vn 0.0000000 1.0000000 0.0000000
vn 0.0000000 1.0000000 0.0000000
vn 0.0000000 1.0000000 0.0000000
vn 0.0000000 1.0000000 0.0000000
vn 0.0000000 1.0000000 0.0000000
vn 0.0000000 1.0000000 0.0000000
vn 0.0000000 1.0000000 0.0000000
vn 0.0000000 1.0000000 0.0000000
vn 0.0000000 1.0000000 0.0000000
vn 0.0000000 1.0000000 0.0000000
vn 0.0000000 1.0000000 0.0000000
vn 0.0000000 1.0000000 0.0000000
vn 0.0000000 1.0000000 0.0000000
vn 0.0000000 1.0000000 0.0000000
vn 0.0000000 1.0000000 0.0000000
vn 0.0000000 1.0000000 0.0000000
vn 0.0000000 1.0000000 0.0000000
vn 0.0000000 1.0000000 0.0000000
vn 0.0000000 1.0000000 0.0000000
vn 0.0000000 1.0000000 0.0000000
vn 0.0000000 1.0000000 0.0000000
vn 0.0000000 1.0000000 0.0000000
vn 0.0000000 1.0000000 0.0000000
vn 0.0000000 1.0000000 0.0000000
vn 0.0000000 1.0000000 0.0000000
vn 0.0000000 1.0000000 0.0000000
vn 0.0000000 1.0000000 0.0000000
vn 0.0000000 1.0000000 0.0000000
vn 0.0000000 1.0000000 0.0000000
vn 0.0000000 1.0000000 0.0000000
vn 0.0000000 1.0000000 0.0000000
vn 0.0000000 1.0000000 0.0000000
vn 0.0000000 1.0000000 0.0000000
vn 0.0000000 1.0000000 0.0000000
vn 0.0000000 1.0000000 0.0000000
vn 0.0000000 1.0000000 0.0000000
vn 0.0000000 1.0000000 0.0000000
vn 0.0000000 1.0000000 0.0000000
vn 0.0000000 1.0000000 0.0000000
vn 0.0000000 1.0000000 0.0000000
vn 0.0000000 1.0000000 0.0000000
vn 0.0000000 1.0000000 0.0000000
vn 0.0000000 1.0000000 0.0000000
vn 0.0000000 1.0000000 0.0000000
vn 0.0000000 1.0000000 0.0000000
vn 0.0000000 1.0000000 0.0000000
vn 0.0000000 1.0000000 0.0000000
vn 0.0000000 1.0000000 0.0000000
vn 0.0000000 1.0000000 0.0000000
vn 0.0000000 1.0000000 0.0000000
vn 0.0000000 1.0000000 0.0000000
vn 0.0000000 1.0000000 0.0000000
vn 0.0000000 1.0000000 0.0000000
vn 0.0000000 1.0000000 0.0000000
vn 0.0000000 1.0000000 0.0000000
vn 0.0000000 1.0000000 0.0000000
vn 0.0000000 1.0000000 0.0000000
vn 0.0000000 1.0000000 0.0000000
vn 0.0000000 1.0000000 0.0000000
vn 0.0000000 1.0000000 0.0000000
vn 0.0000000 1.0000000 0.0000000
vn 0.0000000 1.0000000 0.0000000
vn 0.0000000 1.0000000 0.0000000
vn 0.0000000 1.0000000 0.0000000
vn 0.0000000 1.0000000 0.0000000
vn 0.0000000 1.0000000 0.0000000
vn 0.0000000 1.0000000 0.0000000
vn 0.0000000 1.0000000 0.0000000
vn 0.0000000 1.0000000 0.0000000
vn 0.0000000 1.0000000 0.0000000
vn 0.0000000 1.0000000 0.0000000
vn 0.0000000 1.0000000 0.0000000
vn 0.0000000 1.0000000 0.0000000
vn 0.0000000 1.0000000 0.0000000
vn 0.0000000 1.0000000 0.0000000
vn 0.0000000 1.0000000 0.0000000
vn 0.0000000 1.0000000 0.0000000
vn 0.0000000 1.0000000 0.0000000
vn 0.0000000 1.0000000 0.0000000
vn 0.0000000 1.0000000 0.0000000
vn 0.0000000 1.0000000 0.0000000
vn 0.0000000 1.0000000 0.0000000
vn 0.0000000 1.0000000 0.0000000
vn 0.0000000 1.0000000 0.0000000
vn 0.0000000 1.0000000 0.0000000
vn 0.0000000 1.0000000 0.0000000
vn 0.0000000 1.0000000 0.0000000
vn 0.0000000 1.0000000 0.0000000
vn 0.0000000 1.0000000 0.0000000
vn 0.0000000 1.0000000 0.0000000
vn 0.0000000 1.0000000 0.0000000
vn 0.0000000 1.0000000 0.0000000
vn 0.0000000 1.0000000 0.0000000
vn 0.0000000 1.0000000 0.0000000
vn 0.0000000 1.0000000 0.0000000
vn 0.0000000 1.0000000 0.0000000
vn 0.0000000 1.0000000 0.0000000
vn 0.0000000 1.0000000 0.0000000
vn 0.0000000 1.0000000 0.0000000
vn 0.0000000 1.0000000 0.0000000
vn 0.0000000 1.0000000 0.0000000
vn 0.0000000 1.0000000 0.0000000
vn 0.0000000 1.0000000 0.0000000
vn 0.0000000 1.0000000 0.0000000
vn 0.0000000 1.0000000 0.0000000
vn 0.0000000 1.0000000 0.0000000
vn 0.0000000 1.0000000 0.0000000
vn 0.0000000 1.0000000 0.0000000
vn 0.0000000 1.0000000 0.0000000
vn 0.0000000 1.0000000 0.0000000
vn 0.0000000 1.0000000 0.0000000
vn 0.0000000 1.0000000 0.0000000
vn 0.0000000 1.0000000 0.0000000
vn 0.0000000 1.0000000 0.0000000
vn 0.0000000 1.0000000 0.0000000
vn 0.0000000 1.0000000 0.0000000
vn 0.0000000 1.0000000 0.0000000
vn 0.0000000 1.0000000 0.0000000
vn 0.0000000 1.0000000 0.0000000
vn 0.0000000 1.0000000 0.0000000
vn 0.0000000 1.0000000 0.0000000
vn 0.0000000 1.0000000 0.0000000
vn 0.0000000 1.0000000 0.0000000
vn 0.0000000 1.0000000 0.0000000
vn 0.0000000 1.0000000 0.0000000
vn 0.0000000 1.0000000 0.0000000
vn 0.0000000 1.0000000 0.0000000
vn 0.0000000 1.0000000 0.0000000
vn 0.0000000 1.0000000 0.0000000
vn 0.0000000 1.0000000 0.0000000
vn 0.0000000 1.0000000 0.0000000
vn 0.0000000 1.0000000 0.0000000
vn 0.0000000 1.0000000 0.0000000
vn 0.0000000 1.0000000 0.0000000
vn 0.0000000 1.0000000 0.0000000
vn 0.0000000 1.0000000 0.0000000
vn 0.0000000 1.0000000 0.0000000
vn 0.0000000 1.0000000 0.0000000
vn 0.0000000 1.0000000 0.0000000
vn 0.0000000 1.0000000 0.0000000
vn 0.0000000 1.0000000 0.0000000
vn 0.0000000 1.0000000 0.0000000
vn 0.0000000 1.0000000 0.0000000
vn 0.0000000 1.0000000 0.0000000
vn 0.0000000 1.0000000 0.0000000
vn 0.0000000 1.0000000 0.0000000
vn 0.0000000 1.0000000 0.0000000
vn 0.0000000 1.0000000 0.0000000
vn 0.0000000 1.0000000 0.0000000
vn 0.0000000 1.0000000 0.0000000
vn 0.0000000 1.0000000 0.0000000
vn 0.0000000 1.0000000 0.0000000
vn 0.0000000 1.0000000 0.0000000
vn 0.0000000 1.0000000 0.0000000
vn 0.0000000 1.0000000 0.0000000
vn 0.0000000 1.0000000 0.0000000
vn 0.0000000 1.0000000 0.0000000
vn 0.0000000 1.0000000 0.0000000
vn 0.0000000 1.0000000 0.0000000
vn 0.0000000 1.0000000 0.0000000
vn 0.0000000 1.0000000 0.0000000
vn 0.0000000 1.0000000 0.0000000
vn 0.0000000 1.0000000 0.0000000
vn 0.0000000 1.0000000 0.0000000
vn 0.0000000 1.0000000 0.0000000
vn 0.0000000 1.0000000 0.0000000
vn 0.0000000 1.0000000 0.0000000
vn 0.0000000 1.0000000 0.0000000
vn 0.0000000 1.0000000 0.0000000
vn 0.0000000 1.0000000 0.0000000
vn 0.0000000 1.0000000 0.0000000
vn 0.0000000 1.0000000 0.0000000
vn 0.0000000 1.0000000 0.0000000
vn 0.0000000 1.0000000 0.0000000
vn 0.0000000 1.0000000 0.0000000
vn 0.0000000 1.0000000 0.0000000
vn 0.0000000 1.0000000 0.0000000
vn 0.0000000 1.0000000 0.0000000
vn 0.0000000 1.0000000 0.0000000
vn 0.0000000 1.0000000 0.0000000
vn 0.0000000 1.0000000 0.0000000
vn 0.0000000 1.0000000 0.0000000
vn 0.0000000 1.0000000 0.0000000
vn 0.0000000 1.0000000 0.0000000
vn 0.0000000 1.0000000 0.0000000
vn 0.0000000 1.0000000 0.0000000
vn 0.0000000 1.0000000 0.0000000
vn 0.0000000 1.0000000 0.0000000
vn 0.0000000 1.0000000 0.0000000
vn 0.0000000 1.0000000 0.0000000
vn 0.0000000 1.0000000 0.0000000
vn 0.0000000 1.0000000 0.0000000
vn 0.0000000 1.0000000 0.0000000
vn 0.0000000 1.0000000 0.0000000
vn 0.0000000 1.0000000 0.0000000
vn 0.0000000 1.0000000 0.0000000
vn 0.0000000 1.0000000 0.0000000
vn 0.0000000 1.0000000 0.0000000
vn 0.0000000 1.0000000 0.0000000
vn 0.0000000 1.0000000 0.0000000
vn 0.0000000 1.0000000 0.0000000
vn 0.0000000 1.0000000 0.0000000
vn 0.0000000 1.0000000 0.0000000
vn 0.0000000 1.0000000 0.0000000
vn 0.0000000 1.0000000 0.0000000
vn 0.0000000 1.0000000 0.0000000
vn 0.0000000 1.0000000 0.0000000
vn 0.0000000 1.0000000 0.0000000
vn 0.0000000 1.0000000 0.0000000
vn 0.0000000 1.0000000 0.0000000
vn 0.0000000 1.0000000 0.0000000
vn 0.0000000 1.0000000 0.0000000
vn 0.0000000 1.0000000 0.0000000
vn 0.0000000 1.0000000 0.0000000
vn 0.0000000 1.0000000 0.0000000
vn 0.0000000 1.0000000 0.0000000
vn 0.0000000 1.0000000 0.0000000
vn 0.0000000 1.0000000 0.0000000
vn 0.0000000 1.0000000 0.0000000
vn 0.0000000 1.0000000 0.0000000
vn 0.0000000 1.0000000 0.0000000
vn 0.0000000 1.0000000 0.0000000
vn 0.0000000 1.0000000 0.0000000
vn 0.0000000 1.0000000 0.0000000
vn 0.0000000 1.0000000 0.0000000
vn 0.0000000 1.0000000 0.0000000
vn 0.0000000 1.0000000 0.0000000
vn 0.0000000 1.0000000 0.0000000
vn 0.0000000 1.0000000 0.0000000
vn 0.0000000 1.0000000 0.0000000
vn 0.0000000 1.0000000 0.0000000
vn 0.0000000 1.0000000 0.0000000
vn 0.0000000 1.0000000 0.0000000
vn 0.0000000 1.0000000 0.0000000
vn 0.0000000 1.0000000 0.0000000
vn 0.0000000 1.0000000 0.0000000
vn 0.0000000 1.0000000 0.0000000
vn 0.0000000 1.0000000 0.0000000
vn 0.0000000 1.0000000 0.0000000
vn 0.0000000 1.0000000 0.0000000
vn 0.0000000 1.0000000 0.0000000
vn 0.0000000 1.0000000 0.0000000
vn 0.0000000 1.0000000 0.0000000
vn 0.0000000 1.0000000 0.0000000
vn 0.0000000 1.0000000 0.0000000
vn 0.0000000 1.0000000 0.0000000
vn 0.0000000 1.0000000 0.0000000
vn 0.0000000 1.0000000 0.0000000
vn 0.0000000 1.0000000 0.0000000
vn 0.0000000 1.0000000 0.0000000
vn 0.0000000 1.0000000 0.0000000
vn 0.0000000 1.0000000 0.0000000
vn 0.0000000 1.0000000 0.0000000
vn 0.0000000 1.0000000 0.0000000
vn 0.0000000 1.0000000 0.0000000
vn 0.0000000 1.0000000 0.0000000
vn 0.0000000 1.0000000 0.0000000
vn 0.0000000 1.0000000 0.0000000
vn 0.0000000 1.0000000 0.0000000
vn 0.0000000 1.0000000 0.0000000
vn 0.0000000 1.0000000 0.0000000
vn 0.0000000 1.0000000 0.0000000
vn 0.0000000 1.0000000 0.0000000
vn 0.0000000 1.0000000 0.0000000
vn 0.0000000 1.0000000 0.0000000
vn 0.0000000 1.0000000 0.0000000
vn 0.0000000 1.0000000 0.0000000
vn 0.0000000 1.0000000 0.0000000
vn 0.0000000 1.0000000 0.0000000
vn 0.0000000 1.0000000 0.0000000
vn 0.0000000 1.0000000 0.0000000
vn 0.0000000 1.0000000 0.0000000
vn 0.0000000 1.0000000 0.0000000
vn 0.0000000 1.0000000 0.0000000
vn 0.0000000 1.0000000 0.0000000
vn 0.0000000 1.0000000 0.0000000
vn 0.0000000 1.0000000 0.0000000
vn 0.0000000 1.0000000 0.0000000
vn 0.0000000 1.0000000 0.0000000
vn 0.0000000 1.0000000 0.0000000
vn 0.0000000 1.0000000 0.0000000
vn 0.0000000 1.0000000 0.0000000
vn 0.0000000 1.0000000 0.0000000
vn 0.0000000 1.0000000 0.0000000
vn 0.0000000 1.0000000 0.0000000
vn 0.0000000 1.0000000 0.0000000
vn 0.0000000 1.0000000 0.0000000
vn 0.0000000 1.0000000 0.0000000
vn 0.0000000 1.0000000 0.0000000
vn 0.0000000 1.0000000 0.0000000
vn 0.0000000 1.0000000 0.0000000
vn 0.0000000 1.0000000 0.0000000
vn 0.0000000 1.0000000 0.0000000
vn 0.0000000 1.0000000 0.0000000
vn 0.0000000 1.0000000 0.0000000
vn 0.0000000 1.0000000 0.0000000
vn 0.0000000 1.0000000 0.0000000
vn 0.0000000 1.0000000 0.0000000
vn 0.0000000 1.0000000 0.0000000
vn 0.0000000 1.0000000 0.0000000
vn 0.0000000 1.0000000 0.0000000
vn 0.0000000 1.0000000 0.0000000
vn 0.0000000 1.0000000 0.0000000
vn 0.0000000 1.0000000 0.0000000
vn 0.0000000 1.0000000 0.0000000
vn 0.0000000 1.0000000 0.0000000
vn 0.0000000 1.0000000 0.0000000
vn 0.0000000 1.0000000 0.0000000
vn 0.0000000 1.0000000 0.0000000
vn 0.0000000 1.0000000 0.0000000
vn 0.0000000 1.0000000 0.0000000
vn 0.0000000 1.0000000 0.0000000
vn 0.0000000 1.0000000 0.0000000
vn 0.0000000 1.0000000 0.0000000
vn 0.0000000 1.0000000 0.0000000
vn 0.0000000 1.0000000 0.0000000
vn 0.0000000 1.0000000 0.0000000
vn 0.0000000 1.0000000 0.0000000
vn 0.0000000 1.0000000 0.0000000
vn 0.0000000 1.0000000 0.0000000
vn 0.0000000 1.0000000 0.0000000
vn 0.0000000 1.0000000 0.0000000
vn 0.0000000 1.0000000 0.0000000
vn 0.0000000 1.0000000 0.0000000
vn 0.0000000 1.0000000 0.0000000
vn 0.0000000 1.0000000 0.0000000
vn 0.0000000 1.0000000 0.0000000
vn 0.0000000 1.0000000 0.0000000
vn 0.0000000 1.0000000 0.0000000
vn 0.0000000 1.0000000 0.0000000
vn 0.0000000 1.0000000 0.0000000
vn 0.0000000 1.0000000 0.0000000
vn 0.0000000 1.0000000 0.0000000
vn 0.0000000 1.0000000 0.0000000
vn 0.0000000 1.0000000 0.0000000
vn 0.0000000 1.0000000 0.0000000
vn 0.0000000 1.0000000 0.0000000
vn 0.0000000 1.0000000 0.0000000
vn 0.0000000 1.0000000 0.0000000
vn 0.0000000 1.0000000 0.0000000
vn 0.0000000 1.0000000 0.0000000
vn 0.0000000 1.0000000 0.0000000
vn 0.0000000 1.0000000 0.0000000
vn 0.0000000 1.0000000 0.0000000
vn 0.0000000 1.0000000 0.0000000
vn 0.0000000 1.0000000 0.0000000
vn 0.0000000 1.0000000 0.0000000
vn 0.0000000 1.0000000 0.0000000
vn 0.0000000 1.0000000 0.0000000
vn 0.0000000 1.0000000 0.0000000
vn 0.0000000 1.0000000 0.0000000
vn 0.0000000 1.0000000 0.0000000
vn 0.0000000 1.0000000 0.0000000
vn 0.0000000 1.0000000 0.0000000
vn 0.0000000 1.0000000 0.0000000
vn 0.0000000 1.0000000 0.0000000
vn 0.0000000 1.0000000 0.0000000
vn 0.0000000 1.0000000 0.0000000
vn 0.0000000 1.0000000 0.0000000
vn 0.0000000 1.0000000 0.0000000
vn 0.0000000 1.0000000 0.0000000
vn 0.0000000 1.0000000 0.0000000
vn 0.0000000 1.0000000 0.0000000
vn 0.0000000 1.0000000 0.0000000
vn 0.0000000 1.0000000 0.0000000
vn 0.0000000 1.0000000 0.0000000
vn 0.0000000 1.0000000 0.0000000
f 1/1/1 2/2/2 3/3/3
f 4/4/4 5/5/5 6/6/6
f 7/7/7 8/8/8 9/9/9
f 10/10/10 11/11/11 12/12/12
f 13/13/13 14/14/14 15/15/15
f 16/16/16 17/17/17 18/18/18
f 19/19/19 20/20/20 21/21/21
f 22/22/22 23/23/23 24/24/24
f 25/25/25 26/26/26 27/27/27
f 28/28/28 29/29/29 30/30/30
f 31/31/31 32/32/32 33/33/33
f 34/34/34 35/35/35 36/36/36
f 37/37/37 38/38/38 39/39/39
f 40/40/40 41/41/41 42/42/42
f 43/43/43 44/44/44 45/45/45
f 46/46/46 47/47/47 48/48/48
f 49/49/49 50/50/50 51/51/51
f 52/52/52 53/53/53 54/54/54
f 55/55/55 56/56/56 57/57/57
f 58/58/58 59/59/59 60/60/60
f 61/61/61 62/62/62 63/63/63
f 64/64/64 65/65/65 66/66/66
f 67/67/67 68/68/68 69/69/69
f 70/70/70 71/71/71 72/72/72
f 73/73/73 74/74/74 75/75/75
f 76/76/76 77/77/77 78/78/78
f 79/79/79 80/80/80 81/81/81
f 82/82/82 83/83/83 84/84/84
f 85/85/85 86/86/86 87/87/87
f 88/88/88 89/89/89 90/90/90
f 91/91/91 92/92/92 93/93/93
f 94/94/94 95/95/95 96/96/96
f 97/97/97 98/98/98 99/99/99
f 100/100/100 101/101/101 102/102/102
f 103/103/103 104/104/104 105/105/105
f 106/106/106 107/107/107 108/108/108
f 109/109/109 110/110/110 111/111/111
f 112/112/112 113/113/113 114/114/114
f 115/115/115 116/116/116 117/117/117
f 118/118/118 119/119/119 120/120/120
f 121/121/121 122/122/122 123/123/123
f 124/124/124 125/125/125 126/126/126
f 127/127/127 128/128/128 129/129/129
f 130/130/130 131/131/131 132/132/132
f 133/133/133 134/134/134 135/135/135
f 136/136/136 137/137/137 138/138/138
f 139/139/139 140/140/140 141/141/141
f 142/142/142 143/143/143 144/144/144
f 145/145/145 146/146/146 147/147/147
f 148/148/148 149/149/149 150/150/150
f 151/151/151 152/152/152 153/153/153
f 154/154/154 155/155/155 156/156/156
f 157/157/157 158/158/158 159/159/159
f 160/160/160 161/161/161 162/162/162
f 163/163/163 164/164/164 165/165/165
f 166/166/166 167/167/167 168/168/168
f 169/169/169 170/170/170 171/171/171
f 172/172/172 173/173/173 174/174/174
f 175/175/175 176/176/176 177/177/177
f 178/178/178 179/179/179 180/180/180
f 181/181/181 182/182/182 183/183/183
f 184/184/184 185/185/185 186/186/186
f 187/187/187 188/188/188 189/189/189
f 190/190/190 191/191/191 192/192/192
f 193/193/193 194/194/194 195/195/195
f 196/196/196 197/197/197 198/198/198
f 199/199/199 200/200/200 201/201/201
f 202/202/202 203/203/203 204/204/204
f 205/205/205 206/206/206 207/207/207
f 208/208/208 209/209/209 210/210/210
f 211/211/211 212/212/212 213/213/213
f 214/214/214 215/215/215 216/216/216
f 217/217/217 218/218/218 219/219/219
f 220/220/220 221/221/221 222/222/222
f 223/223/223 224/224/224 225/225/225
f 226/226/226 227/227/227 228/228/228
f 229/229/229 230/230/230 231/231/231
f 232/232/232 233/233/233 234/234/234
f 235/235/235 236/236/236 237/237/237
f 238/238/238 239/239/239 240/240/240
f 241/241/241 242/242/242 243/243/243
f 244/244/244 245/245/245 246/246/246
f 247/247/247 248/248/248 249/249/249
f 250/250/250 251/251/251 252/252/252
f 253/253/253 254/254/254 255/255/255
f 256/256/256 257/257/257 258/258/258
f 259/259/259 260/260/260 261/261/261
f 262/262/262 263/263/263 264/264/264
f 265/265/265 266/266/266 267/267/267
f 268/268/268 269/269/269 270/270/270
f 271/271/271 272/272/272 273/273/273
f 274/274/274 275/275/275 276/276/276
f 277/277/277 278/278/278 279/279/279
f 280/280/280 281/281/281 282/282/282
f 283/283/283 284/284/284 285/285/285
f 286/286/286 287/287/287 288/288/288
f 289/289/289 290/290/290 291/291/291
f 292/292/292 293/293/293 294/294/294
f 295/295/295 296/296/296 297/297/297
f 298/298/298 299/299/299 300/300/300
f 301/301/301 302/302/302 303/303/303
f 304/304/304 305/305/305 306/306/306
f 307/307/307 308/308/308 309/309/309
f 310/310/310 311/311/311 312/312/312
f 313/313/313 314/314/314 315/315/315
f 316/316/316 317/317/317 318/318/318
f 319/319/319 320/320/320 321/321/321
f 322/322/322 323/323/323 324/324/324
f 325/325/325 326/326/326 327/327/327
f 328/328/328 329/329/329 330/330/330
f 331/331/331 332/332/332 333/333/333
f 334/334/334 335/335/335 336/336/336
f 337/337/337 338/338/338 339/339/339
f 340/340/340 341/341/341 342/342/342
f 343/343/343 344/344/344 345/345/345
f 346/346/346 347/347/347 348/348/348
f 349/349/349 350/350/350 351/351/351
f 352/352/352 353/353/353 354/354/354
f 355/355/355 356/356/356 357/357/357
f 358/358/358 359/359/359 360/360/360
f 361/361/361 362/362/362 363/363/363
f 364/364/364 365/365/365 366/366/366
f 367/367/367 368/368/368 369/369/369
f 370/370/370 371/371/371 372/372/372
f 373/373/373 374/374/374 375/375/375
f 376/376/376 377/377/377 378/378/378
f 379/379/379 380/380/380 381/381/381
f 382/382/382 383/383/383 384/384/384
f 385/385/385 386/386/386 387/387/387
f 388/388/388 389/389/389 390/390/390
f 391/391/391 392/392/392 393/393/393
f 394/394/394 395/395/395 396/396/396
f 397/397/397 398/398/398 399/399/399
f 400/400/400 401/401/401 402/402/402
f 403/403/403 404/404/404 405/405/405
f 406/406/406 407/407/407 408/408/408
f 409/409/409 410/410/410 411/411/411
f 412/412/412 413/413/413 414/414/414
f 415/415/415 416/416/416 417/417/417
f 418/418/418 419/419/419 420/420/420
f 421/421/421 422/422/422 423/423/423
f 424/424/424 425/425/425 426/426/426
f 427/427/427 428/428/428 429/429/429
f 430/430/430 431/431/431 432/432/432
f 433/433/433 434/434/434 435/435/435
f 436/436/436 437/437/437 438/438/438
f 439/439/439 440/440/440 441/441/441
f 442/442/442 443/443/443 444/444/444
f 445/445/445 446/446/446 447/447/447
f 448/448/448 449/449/449 450/450/450
f 451/451/451 452/452/452 453/453/453
f 454/454/454 455/455/455 456/456/456
f 457/457/457 458/458/458 459/459/459
f 460/460/460 461/461/461 462/462/462
f 463/463/463 464/464/464 465/465/465
f 466/466/466 467/467/467 468/468/468
f 469/469/469 470/470/470 471/471/471
f 472/472/472 473/473/473 474/474/474
f 475/475/475 476/476/476 477/477/477
f 478/478/478 479/479/479 480/480/480
f 481/481/481 482/482/482 483/483/483
f 484/484/484 485/485/485 486/486/486
f 487/487/487 488/488/488 489/489/489
f 490/490/490 491/491/491 492/492/492
f 493/493/493 494/494/494 495/495/495
f 496/496/496 497/497/497 498/498/498
f 499/499/499 500/500/500 501/501/501
f 502/502/502 503/503/503 504/504/504
f 505/505/505 506/506/506 507/507/507
f 508/508/508 509/509/509 510/510/510
f 511/511/511 512/512/512 513/513/513
f 514/514/514 515/515/515 516/516/516
f 517/517/517 518/518/518 519/519/519
f 520/520/520 521/521/521 522/522/522
f 523/523/523 524/524/524 525/525/525
f 526/526/526 527/527/527 528/528/528
f 529/529/529 530/530/530 531/531/531
f 532/532/532 533/533/533 534/534/534
f 535/535/535 536/536/536 537/537/537
f 538/538/538 539/539/539 540/540/540
f 541/541/541 542/542/542 543/543/543
f 544/544/544 545/545/545 546/546/546
f 547/547/547 548/548/548 549/549/549
f 550/550/550 551/551/551 552/552/552
f 553/553/553 554/554/554 555/555/555
f 556/556/556 557/557/557 558/558/558
f 559/559/559 560/560/560 561/561/561
f 562/562/562 563/563/563 564/564/564
f 565/565/565 566/566/566 567/567/567
f 568/568/568 569/569/569 570/570/570
f 571/571/571 572/572/572 573/573/573
f 574/574/574 575/575/575 576/576/576
f 577/577/577 578/578/578 579/579/579
f 580/580/580 581/581/581 582/582/582
f 583/583/583 584/584/584 585/585/585
f 586/586/586 587/587/587 588/588/588
f 589/589/589 590/590/590 591/591/591
f 592/592/592 593/593/593 594/594/594
f 595/595/595 596/596/596 597/597/597
f 598/598/598 599/599/599 600/600/600
f 601/601/601 602/602/602 603/603/603
f 604/604/604 605/605/605 606/606/606
f 607/607/607 608/608/608 609/609/609
f 610/610/610 611/611/611 612/612/612
f 613/613/613 614/614/614 615/615/615
f 616/616/616 617/617/617 618/618/618
f 619/619/619 620/620/620 621/621/621
f 622/622/622 623/623/623 624/624/624
f 625/625/625 626/626/626 627/627/627
f 628/628/628 629/629/629 630/630/630
f 631/631/631 632/632/632 633/633/633
f 634/634/634 635/635/635 636/636/636
f 637/637/637 638/638/638 639/639/639
f 640/640/640 641/641/641 642/642/642
f 643/643/643 644/644/644 645/645/645
f 646/646/646 647/647/647 648/648/648
f 649/649/649 650/650/650 651/651/651
f 652/652/652 653/653/653 654/654/654
f 655/655/655 656/656/656 657/657/657
f 658/658/658 659/659/659 660/660/660
f 661/661/661 662/662/662 663/663/663
f 664/664/664 665/665/665 666/666/666
f 667/667/667 668/668/668 669/669/669
f 670/670/670 671/671/671 672/672/672
f 673/673/673 674/674/674 675/675/675
f 676/676/676 677/677/677 678/678/678
f 679/679/679 680/680/680 681/681/681
f 682/682/682 683/683/683 684/684/684
f 685/685/685 686/686/686 687/687/687
f 688/688/688 689/689/689 690/690/690
f 691/691/691 692/692/692 693/693/693
f 694/694/694 695/695/695 696/696/696
f 697/697/697 698/698/698 699/699/699
f 700/700/700 701/701/701 702/702/702
f 703/703/703 704/704/704 705/705/705
f 706/706/706 707/707/707 708/708/708
f 709/709/709 710/710/710 711/711/711
f 712/712/712 713/713/713 714/714/714
f 715/715/715 716/716/716 717/717/717
f 718/718/718 719/719/719 720/720/720
f 721/721/721 722/722/722 723/723/723
f 724/724/724 725/725/725 726/726/726
f 727/727/727 728/728/728 729/729/729
f 730/730/730 731/731/731 732/732/732
f 733/733/733 734/734/734 735/735/735
f 736/736/736 737/737/737 738/738/738
f 739/739/739 740/740/740 741/741/741
f 742/742/742 743/743/743 744/744/744
f 745/745/745 746/746/746 747/747/747
f 748/748/748 749/749/749 750/750/750
f 751/751/751 752/752/752 753/753/753
f 754/754/754 755/755/755 756/756/756
f 757/757/757 758/758/758 759/759/759
f 760/760/760 761/761/761 762/762/762
f 763/763/763 764/764/764 765/765/765
f 766/766/766 767/767/767 768/768/768
f 769/769/769 770/770/770 771/771/771
f 772/772/772 773/773/773 774/774/774
f 775/775/775 776/776/776 777/777/777
f 778/778/778 779/779/779 780/780/780
f 781/781/781 782/782/782 783/783/783
f 784/784/784 785/785/785 786/786/786
f 787/787/787 788/788/788 789/789/789
f 790/790/790 791/791/791 792/792/792
f 793/793/793 794/794/794 795/795/795
f 796/796/796 797/797/797 798/798/798
f 799/799/799 800/800/800 801/801/801
f 802/802/802 803/803/803 804/804/804
f 805/805/805 806/806/806 807/807/807
f 808/808/808 809/809/809 810/810/810
f 811/811/811 812/812/812 813/813/813
f 814/814/814 815/815/815 816/816/816
f 817/817/817 818/818/818 819/819/819
f 820/820/820 821/821/821 822/822/822
f 823/823/823 824/824/824 825/825/825
f 826/826/826 827/827/827 828/828/828
f 829/829/829 830/830/830 831/831/831
f 832/832/832 833/833/833 834/834/834
f 835/835/835 836/836/836 837/837/837
f 838/838/838 839/839/839 840/840/840
f 841/841/841 842/842/842 843/843/843
f 844/844/844 845/845/845 846/846/846
f 847/847/847 848/848/848 849/849/849
f 850/850/850 851/851/851 852/852/852
f 853/853/853 854/854/854 855/855/855
f 856/856/856 857/857/857 858/858/858
f 859/859/859 860/860/860 861/861/861
f 862/862/862 863/863/863 864/864/864
f 865/865/865 866/866/866 867/867/867
f 868/868/868 869/869/869 870/870/870
f 871/871/871 872/872/872 873/873/873
f 874/874/874 875/875/875 876/876/876
f 877/877/877 878/878/878 879/879/879
f 880/880/880 881/881/881 882/882/882
f 883/883/883 884/884/884 885/885/885
f 886/886/886 887/887/887 888/888/888
f 889/889/889 890/890/890 891/891/891
f 892/892/892 893/893/893 894/894/894
f 895/895/895 896/896/896 897/897/897
f 898/898/898 899/899/899 900/900/900
f 901/901/901 902/902/902 903/903/903
f 904/904/904 905/905/905 906/906/906
f 907/907/907 908/908/908 909/909/909
f 910/910/910 911/911/911 912/912/912
f 913/913/913 914/914/914 915/915/915
f 916/916/916 917/917/917 918/918/918
f 919/919/919 920/920/920 921/921/921
f 922/922/922 923/923/923 924/924/924
f 925/925/925 926/926/926 927/927/927
f 928/928/928 929/929/929 930/930/930
f 931/931/931 932/932/932 933/933/933
f 934/934/934 935/935/935 936/936/936
f 937/937/937 938/938/938 939/939/939
f 940/940/940 941/941/941 942/942/942
f 943/943/943 944/944/944 945/945/945
f 946/946/946 947/947/947 948/948/948
f 949/949/949 950/950/950 951/951/951
f 952/952/952 953/953/953 954/954/954
f 955/955/955 956/956/956 957/957/957
f 958/958/958 959/959/959 960/960/960
f 961/961/961 962/962/962 963/963/963
f 964/964/964 965/965/965 966/966/966
f 967/967/967 968/968/968 969/969/969
f 970/970/970 971/971/971 972/972/972
f 973/973/973 974/974/974 975/975/975
f 976/976/976 977/977/977 978/978/978
f 979/979/979 980/980/980 981/981/981
f 982/982/982 983/983/983 984/984/984
f 985/985/985 986/986/986 987/987/987
f 988/988/988 989/989/989 990/990/990
f 991/991/991 992/992/992 993/993/993
f 994/994/994 995/995/995 996/996/996
f 997/997/997 998/998/998 999/999/999
f 1000/1000/1000 1001/1001/1001 1002/1002/1002
f 1003/1003/1003 1004/1004/1004 1005/1005/1005
f 1006/1006/1006 1007/1007/1007 1008/1008/1008
f 1009/1009/1009 1010/1010/1010 1011/1011/1011
f 1012/1012/1012 1013/1013/1013 1014/1014/1014
f 1015/1015/1015 1016/1016/1016 1017/1017/1017
f 1018/1018/1018 1019/1019/1019 1020/1020/1020
f 1021/1021/1021 1022/1022/1022 1023/1023/1023
f 1024/1024/1024 1025/1025/1025 1026/1026/1026
f 1027/1027/1027 1028/1028/1028 1029/1029/1029
f 1030/1030/1030 1031/1031/1031 1032/1032/1032
f 1033/1033/1033 1034/1034/1034 1035/1035/1035
f 1036/1036/1036 1037/1037/1037 1038/1038/1038
f 1039/1039/1039 1040/1040/1040 1041/1041/1041
f 1042/1042/1042 1043/1043/1043 1044/1044/1044
f 1045/1045/1045 1046/1046/1046 1047/1047/1047
f 1048/1048/1048 1049/1049/1049 1050/1050/1050
f 1051/1051/1051 1052/1052/1052 1053/1053/1053
f 1054/1054/1054 1055/1055/1055 1056/1056/1056
f 1057/1057/1057 1058/1058/1058 1059/1059/1059
f 1060/1060/1060 1061/1061/1061 1062/1062/1062
f 1063/1063/1063 1064/1064/1064 1065/1065/1065
f 1066/1066/1066 1067/1067/1067 1068/1068/1068
f 1069/1069/1069 1070/1070/1070 1071/1071/1071
f 1072/1072/1072 1073/1073/1073 1074/1074/1074
f 1075/1075/1075 1076/1076/1076 1077/1077/1077
f 1078/1078/1078 1079/1079/1079 1080/1080/1080
f 1081/1081/1081 1082/1082/1082 1083/1083/1083
f 1084/1084/1084 1085/1085/1085 1086/1086/1086
f 1087/1087/1087 1088/1088/1088 1089/1089/1089
f 1090/1090/1090 1091/1091/1091 1092/1092/1092
f 1093/1093/1093 1094/1094/1094 1095/1095/1095
f 1096/1096/1096 1097/1097/1097 1098/1098/1098
f 1099/1099/1099 1100/1100/1100 1101/1101/1101
f 1102/1102/1102 1103/1103/1103 1104/1104/1104
f 1105/1105/1105 1106/1106/1106 1107/1107/1107
f 1108/1108/1108 1109/1109/1109 1110/1110/1110
f 1111/1111/1111 1112/1112/1112 1113/1113/1113
f 1114/1114/1114 1115/1115/1115 1116/1116/1116
f 1117/1117/1117 1118/1118/1118 1119/1119/1119
f 1120/1120/1120 1121/1121/1121 1122/1122/1122
f 1123/1123/1123 1124/1124/1124 1125/1125/1125
f 1126/1126/1126 1127/1127/1127 1128/1128/1128
f 1129/1129/1129 1130/1130/1130 1131/1131/1131
f 1132/1132/1132 1133/1133/1133 1134/1134/1134
f 1135/1135/1135 1136/1136/1136 1137/1137/1137
f 1138/1138/1138 1139/1139/1139 1140/1140/1140
f 1141/1141/1141 1142/1142/1142 1143/1143/1143
f 1144/1144/1144 1145/1145/1145 1146/1146/1146
f 1147/1147/1147 1148/1148/1148 1149/1149/1149
f 1150/1150/1150 1151/1151/1151 1152/1152/1152
f 1153/1153/1153 1154/1154/1154 1155/1155/1155
f 1156/1156/1156 1157/1157/1157 1158/1158/1158
f 1159/1159/1159 1160/1160/1160 1161/1161/1161
f 1162/1162/1162 1163/1163/1163 1164/1164/1164
f 1165/1165/1165 1166/1166/1166 1167/1167/1167
f 1168/1168/1168 1169/1169/1169 1170/1170/1170
f 1171/1171/1171 1172/1172/1172 1173/1173/1173
f 1174/1174/1174 1175/1175/1175 1176/1176/1176
f 1177/1177/1177 1178/1178/1178 1179/1179/1179
f 1180/1180/1180 1181/1181/1181 1182/1182/1182
f 1183/1183/1183 1184/1184/1184 1185/1185/1185
f 1186/1186/1186 1187/1187/1187 1188/1188/1188
f 1189/1189/1189 1190/1190/1190 1191/1191/1191
f 1192/1192/1192 1193/1193/1193 1194/1194/1194
f 1195/1195/1195 1196/1196/1196 1197/1197/1197
f 1198/1198/1198 1199/1199/1199 1200/1200/1200
f 1201/1201/1201 1202/1202/1202 1203/1203/1203
f 1204/1204/1204 1205/1205/1205 1206/1206/1206
f 1207/1207/1207 1208/1208/1208 1209/1209/1209
f 1210/1210/1210 1211/1211/1211 1212/1212/1212
f 1213/1213/1213 1214/1214/1214 1215/1215/1215
f 1216/1216/1216 1217/1217/1217 1218/1218/1218
f 1219/1219/1219 1220/1220/1220 1221/1221/1221
f 1222/1222/1222 1223/1223/1223 1224/1224/1224
f 1225/1225/1225 1226/1226/1226 1227/1227/1227
f 1228/1228/1228 1229/1229/1229 1230/1230/1230
f 1231/1231/1231 1232/1232/1232 1233/1233/1233
f 1234/1234/1234 1235/1235/1235 1236/1236/1236
f 1237/1237/1237 1238/1238/1238 1239/1239/1239
f 1240/1240/1240 1241/1241/1241 1242/1242/1242
f 1243/1243/1243 1244/1244/1244 1245/1245/1245
f 1246/1246/1246 1247/1247/1247 1248/1248/1248
f 1249/1249/1249 1250/1250/1250 1251/1251/1251
f 1252/1252/1252 1253/1253/1253 1254/1254/1254
f 1255/1255/1255 1256/1256/1256 1257/1257/1257
f 1258/1258/1258 1259/1259/1259 1260/1260/1260
f 1261/1261/1261 1262/1262/1262 1263/1263/1263
f 1264/1264/1264 1265/1265/1265 1266/1266/1266
f 1267/1267/1267 1268/1268/1268 1269/1269/1269
f 1270/1270/1270 1271/1271/1271 1272/1272/1272
f 1273/1273/1273 1274/1274/1274 1275/1275/1275
f 1276/1276/1276 1277/1277/1277 1278/1278/1278
f 1279/1279/1279 1280/1280/1280 1281/1281/1281
f 1282/1282/1282 1283/1283/1283 1284/1284/1284
f 1285/1285/1285 1286/1286/1286 1287/1287/1287
f 1288/1288/1288 1289/1289/1289 1290/1290/1290
f 1291/1291/1291 1292/1292/1292 1293/1293/1293
f 1294/1294/1294 1295/1295/1295 1296/1296/1296
f 1297/1297/1297 1298/1298/1298 1299/1299/1299
f 1300/1300/1300 1301/1301/1301 1302/1302/1302
f 1303/1303/1303 1304/1304/1304 1305/1305/1305
f 1306/1306/1306 1307/1307/1307 1308/1308/1308
f 1309/1309/1309 1310/1310/1310 1311/1311/1311
f 1312/1312/1312 1313/1313/1313 1314/1314/1314
f 1315/1315/1315 1316/1316/1316 1317/1317/1317
f 1318/1318/1318 1319/1319/1319 1320/1320/1320
f 1321/1321/1321 1322/1322/1322 1323/1323/1323
f 1324/1324/1324 1325/1325/1325 1326/1326/1326
f 1327/1327/1327 1328/1328/1328 1329/1329/1329
f 1330/1330/1330 1331/1331/1331 1332/1332/1332
f 1333/1333/1333 1334/1334/1334 1335/1335/1335
f 1336/1336/1336 1337/1337/1337 1338/1338/1338
f 1339/1339/1339 1340/1340/1340 1341/1341/1341
f 1342/1342/1342 1343/1343/1343 1344/1344/1344
f 1345/1345/1345 1346/1346/1346 1347/1347/1347
f 1348/1348/1348 1349/1349/1349 1350/1350/1350
f 1351/1351/1351 1352/1352/1352 1353/1353/1353
f 1354/1354/1354 1355/1355/1355 1356/1356/1356
f 1357/1357/1357 1358/1358/1358 1359/1359/1359
f 1360/1360/1360 1361/1361/1361 1362/1362/1362
f 1363/1363/1363 1364/1364/1364 1365/1365/1365
f 1366/1366/1366 1367/1367/1367 1368/1368/1368
f 1369/1369/1369 1370/1370/1370 1371/1371/1371
f 1372/1372/1372 1373/1373/1373 1374/1374/1374
f 1375/1375/1375 1376/1376/1376 1377/1377/1377
f 1378/1378/1378 1379/1379/1379 1380/1380/1380
f 1381/1381/1381 1382/1382/1382 1383/1383/1383
f 1384/1384/1384 1385/1385/1385 1386/1386/1386
f 1387/1387/1387 1388/1388/1388 1389/1389/1389
f 1390/1390/1390 1391/1391/1391 1392/1392/1392
f 1393/1393/1393 1394/1394/1394 1395/1395/1395
f 1396/1396/1396 1397/1397/1397 1398/1398/1398
f 1399/1399/1399 1400/1400/1400 1401/1401/1401
f 1402/1402/1402 1403/1403/1403 1404/1404/1404
f 1405/1405/1405 1406/1406/1406 1407/1407/1407
f 1408/1408/1408 1409/1409/1409 1410/1410/1410
f 1411/1411/1411 1412/1412/1412 1413/1413/1413
f 1414/1414/1414 1415/1415/1415 1416/1416/1416
f 1417/1417/1417 1418/1418/1418 1419/1419/1419
f 1420/1420/1420 1421/1421/1421 1422/1422/1422
f 1423/1423/1423 1424/1424/1424 1425/1425/1425
f 1426/1426/1426 1427/1427/1427 1428/1428/1428
f 1429/1429/1429 1430/1430/1430 1431/1431/1431
f 1432/1432/1432 1433/1433/1433 1434/1434/1434
f 1435/1435/1435 1436/1436/1436 1437/1437/1437
f 1438/1438/1438 1439/1439/1439 1440/1440/1440
f 1441/1441/1441 1442/1442/1442 1443/1443/1443
f 1444/1444/1444 1445/1445/1445 1446/1446/1446
f 1447/1447/1447 1448/1448/1448 1449/1449/1449
f 1450/1450/1450 1451/1451/1451 1452/1452/1452
f 1453/1453/1453 1454/1454/1454 1455/1455/1455
f 1456/1456/1456 1457/1457/1457 1458/1458/1458
f 1459/1459/1459 1460/1460/1460 1461/1461/1461
f 1462/1462/1462 1463/1463/1463 1464/1464/1464
f 1465/1465/1465 1466/1466/1466 1467/1467/1467
f 1468/1468/1468 1469/1469/1469 1470/1470/1470
f 1471/1471/1471 1472/1472/1472 1473/1473/1473
f 1474/1474/1474 1475/1475/1475 1476/1476/1476
f 1477/1477/1477 1478/1478/1478 1479/1479/1479
f 1480/1480/1480 1481/1481/1481 1482/1482/1482
f 1483/1483/1483 1484/1484/1484 1485/1485/1485
f 1486/1486/1486 1487/1487/1487 1488/1488/1488
f 1489/1489/1489 1490/1490/1490 1491/1491/1491
f 1492/1492/1492 1493/1493/1493 1494/1494/1494
f 1495/1495/1495 1496/1496/1496 1497/1497/1497
f 1498/1498/1498 1499/1499/1499 1500/1500/1500
f 1501/1501/1501 1502/1502/1502 1503/1503/1503
f 1504/1504/1504 1505/1505/1505 1506/1506/1506
f 1507/1507/1507 1508/1508/1508 1509/1509/1509
f 1510/1510/1510 1511/1511/1511 1512/1512/1512
f 1513/1513/1513 1514/1514/1514 1515/1515/1515
f 1516/1516/1516 1517/1517/1517 1518/1518/1518
f 1519/1519/1519 1520/1520/1520 1521/1521/1521
f 1522/1522/1522 1523/1523/1523 1524/1524/1524
f 1525/1525/1525 1526/1526/1526 1527/1527/1527
f 1528/1528/1528 1529/1529/1529 1530/1530/1530
f 1531/1531/1531 1532/1532/1532 1533/1533/1533
f 1534/1534/1534 1535/1535/1535 1536/1536/1536
f 1537/1537/1537 1538/1538/1538 1539/1539/1539
f 1540/1540/1540 1541/1541/1541 1542/1542/1542
f 1543/1543/1543 1544/1544/1544 1545/1545/1545
f 1546/1546/1546 1547/1547/1547 1548/1548/1548
f 1549/1549/1549 1550/1550/1550 1551/1551/1551
f 1552/1552/1552 1553/1553/1553 1554/1554/1554
f 1555/1555/1555 1556/1556/1556 1557/1557/1557
f 1558/1558/1558 1559/1559/1559 1560/1560/1560
f 1561/1561/1561 1562/1562/1562 1563/1563/1563
f 1564/1564/1564 1565/1565/1565 1566/1566/1566
f 1567/1567/1567 1568/1568/1568 1569/1569/1569
f 1570/1570/1570 1571/1571/1571 1572/1572/1572
